"id","import_id","time","import_time","project_code","product_name","part_no","origin","quantity","seri_number","deleted","statistical_id"
996,"4513657244",2025-11-11 08:48:51.070,2025-11-11 08:48:51.070,ES755-A2501,"","1P3RV2031-4UA10","",1,SG/250802816559,false,
995,"4513657244",2025-11-11 08:48:47.705,2025-11-11 08:48:47.705,ES755-A2501,"CIRCUIT-BREAKER SCREW CONNECTION 1A
SIRIUS Circuit breaker
","1P3RV2011-0JA10",Siemens,1,SG/250916525319,false,
994,"4513657244",2025-11-11 08:48:45.359,2025-11-11 08:48:45.359,ES755-A2501,"CONTACTOR,AC3:3KW 1NO DC24V
SIRIUS Power contactor
","1P3RT2015-1BB41",Siemens,1,SG/250919697609,false,
993,"4513657244",2025-11-11 08:48:39.308,2025-11-11 08:48:39.308,ES755-A2501,"","1P3RV2031-4UA10","",1,SG/250802816545,false,
992,"4513657244",2025-11-11 08:48:32.731,2025-11-11 08:48:32.731,ES755-A2501,"","1P3RV2031-4UA10","",1,SG/250802816544,false,
991,"4513657244",2025-11-11 08:48:28.651,2025-11-11 08:48:28.651,ES755-A2501,"CIRCUIT-BREAKER SCREW CONNECTION 1A
SIRIUS Circuit breaker
","1P3RV2011-0JA10",Siemens,1,SG/250916527278,false,
990,"4513657244",2025-11-11 08:48:24.055,2025-11-11 08:48:24.055,ES755-A2501,"CIRCUIT-BREAKER SCREW CONNECTION 1A
SIRIUS Circuit breaker
","1P3RV2011-0JA10",Siemens,1,SG/250916527608,false,
989,"4513657244",2025-11-11 08:48:20.744,2025-11-11 08:48:20.744,ES755-A2501,"CONTACTOR,AC3:3KW 1NO DC24V
SIRIUS Power contactor
","1P3RT2015-1BB41",Siemens,1,SG/250919697710,false,
988,"4513657244",2025-11-11 08:48:10.289,2025-11-11 08:48:10.289,ES755-A2501,"CONTACTOR,AC3:3KW 1NO DC24V
SIRIUS Power contactor
","1P3RT2015-1BB41",Siemens,1,SG/250919697715,false,
987,"4513657244",2025-11-11 08:47:58.304,2025-11-11 08:47:58.304,ES755-A2501,"","1P3RV2031-4UA10","",1,SG/250802816549,false,
986,"4513627242",2025-11-11 08:47:55.357,2025-11-11 08:47:55.357,ES755-A2501,,"1P3RV2031-4UA10",,1,SG/250802816553,false,
985,"4513627242",2025-11-11 08:47:39.702,2025-11-11 08:47:39.702,ES755-A2501,,"1P3RV2031-4UA10",,1,SG/250802816558,false,
984,"4513627242",2025-11-11 08:47:35.888,2025-11-11 08:47:35.888,ES755-A2501,,"1P3RV2031-4UA10",,1,SG/250802816542,false,
983,"4513627242",2025-11-11 08:47:25.184,2025-11-11 08:47:25.184,ES755-A2501,"CIRCUIT-BREAKER SCREW CONNECTION 1A
SIRIUS Circuit breaker
","1P3RV2011-0JA10",Siemens,1,SG/250916527638,false,
982,"4513627242",2025-11-11 08:47:22.762,2025-11-11 08:47:22.762,ES755-A2501,"CIRCUIT-BREAKER SCREW CONNECTION 1A
SIRIUS Circuit breaker
","1P3RV2011-0JA10",Siemens,1,SG/250916527594,false,
981,"4513627242",2025-11-11 08:47:19.574,2025-11-11 08:47:19.574,ES755-A2501,"CONTACTOR,AC3:3KW 1NO DC24V
SIRIUS Power contactor
","1P3RT2015-1BB41",Siemens,1,SG/250919697732,false,
980,"4513657244",2025-11-11 08:47:06.605,2025-11-11 08:47:06.605,ES755-A2501,"CIRCUIT-BREAKER SCREW CONNECTION 1A
SIRIUS Circuit breaker
","1P3RV2011-0JA10",Siemens,1,SG/250916527596,false,
979,"4513657244",2025-11-11 08:47:03.257,2025-11-11 08:47:03.257,ES755-A2501,"CIRCUIT-BREAKER SCREW CONNECTION 1A
SIRIUS Circuit breaker
","1P3RV2011-0JA10",Siemens,1,SG/250916527990,false,
978,"4513657244",2025-11-11 08:46:59.256,2025-11-11 08:46:59.256,ES755-A2501,"CONTACTOR,AC3:3KW 1NO DC24V
SIRIUS Power contactor
","1P3RT2015-1BB41",Siemens,1,SG/250918696973,false,
977,"4513657244",2025-11-11 08:46:53.052,2025-11-11 08:46:53.052,ES755-A2501,"CONTACTOR,AC3:3KW 1NO DC24V
SIRIUS Power contactor
","1P3RT2015-1BB41",Siemens,1,SG/250918696955,false,
971,"4513657244",2025-11-10 15:05:01.393,2025-11-10 15:05:01.393,ES755-A2501,"CONTACTOR,AC3:7,5KW 1NO DC24V
SIRIUS Power contactor
.","1P3RT2018-1BB41",Siemens,1,SG/251007886255,false,
970,"4513657244",2025-11-10 15:05:00.836,2025-11-10 15:05:00.836,ES755-A2501,"CONTACTOR,AC3:7,5KW 1NO DC24V
SIRIUS Power contactor
.","1P3RT2018-1BB41",Siemens,1,SG/251007886251,false,
969,"4513657244",2025-11-10 15:04:39.500,2025-11-10 15:04:39.500,ES755-A2501,"CONTACTOR,AC3:7,5KW 1NO DC24V
SIRIUS Power contactor
.","1P3RT2018-1BB41",Siemens,1,SG/251007886250,false,
968,"4513657244",2025-11-10 15:04:34.969,2025-11-10 15:04:34.969,ES755-A2501,"CONTACTOR,AC3:7,5KW 1NO DC24V
SIRIUS Power contactor
.","1P3RT2018-1BB41",Siemens,1,SG/251007886272,false,
967,"4513657244",2025-11-10 15:04:31.725,2025-11-10 15:04:31.725,ES755-A2501,"CONTACTOR,AC3:7,5KW 1NO DC24V
SIRIUS Power contactor
.","1P3RT2018-1BB41",Siemens,1,SG/251007886260,false,
966,"4513657244",2025-11-10 15:04:21.432,2025-11-10 15:04:21.432,ES755-A2501,"CONTACTOR,AC3:3KW 1NO DC24V
SIRIUS Power contactor
","1P3RT2015-1BB41",Siemens,1,SG/250918696972,false,
965,"4513657244",2025-11-10 15:04:10.332,2025-11-10 15:04:10.332,ES755-A2501,"CIRCUIT-BREAKER, SCREW CONNECTION 3,2A
SZ.S00; 1NO+1NC
2,2-3,2A","1P3RV2011-1DA15",Siemens,1,SG/250924331131,false,
964,"4513657244",2025-11-10 15:04:04.784,2025-11-10 15:04:04.784,ES755-A2501,"CIRCUIT-BREAKER SCREW CONNECTION 16A
SIRIUS Circuit breaker
","1P3RV2011-4AA10",Siemens,1,SG/250916516709,false,
963,"4513657244",2025-11-10 15:03:54.446,2025-11-10 15:03:54.446,ES755-A2501,"CIRCUIT-BREAKER SCREW CONNECTION 16A
SIRIUS Circuit breaker
","1P3RV2011-4AA10",Siemens,1,SG/250916520338,false,
962,"4513657244",2025-11-10 15:03:48.638,2025-11-10 15:03:48.638,ES755-A2501,,"1P3RV2011-1EA10",,1,SG/250904589041,false,
961,"4513657244",2025-11-10 15:03:46.118,2025-11-10 15:03:46.118,ES755-A2501,"CONTACTOR,AC3:3KW 1NO DC24V
SIRIUS Power contactor
","1P3RT2015-1BB41",Siemens,1,SG/250919697660,false,
960,"4513657244",2025-11-10 15:03:41.077,2025-11-10 15:03:41.077,ES755-A2501,,"1P3RT2027-1BB40",,1,SG/250911949309,false,
959,"4513657244",2025-11-10 15:03:38.096,2025-11-10 15:03:38.096,ES755-A2501,,"1P3RT2027-1BB40",,1,SG/250911949327,false,
957,"4513657244",2025-11-10 15:03:29.031,2025-11-10 15:03:29.031,ES755-A2501,"CONTACTOR,AC3:3KW 1NO DC24V
SIRIUS Power contactor
","1P3RT2015-1BB41",Siemens,1,SG/250919697602,false,
950,"4513657244",2025-11-10 14:26:28.554,2025-11-10 14:26:28.554,ES755-A2501,"CONTACTOR,AC3:3KW 1NO DC24V
SIRIUS Power contactor
","1P3RT2015-1BB41",Siemens,1,SG/250918696996,false,
949,"4513657244",2025-11-10 14:26:26.381,2025-11-10 14:26:26.381,ES755-A2501,"CIRCUIT-BREAKER SCREW CONNECTION 1.25A
SIRIUS Circuit breaker
","1P3RV2011-0KA10",Siemens,1,SG/250924328241,false,
948,"4513657244",2025-11-10 14:26:17.398,2025-11-10 14:26:17.398,ES755-A2501,"CONTACTOR,AC3:3KW 1NO DC24V
SIRIUS Power contactor
","1P3RT2015-1BB41",Siemens,1,SG/250919697681,false,
947,"4513657244",2025-11-10 14:26:14.804,2025-11-10 14:26:14.804,ES755-A2501,"CIRCUIT-BREAKER SCREW CONNECTION 1.25A
SIRIUS Circuit breaker
","1P3RV2011-0KA10",Siemens,1,SG/250924328233,false,
946,"4513657244",2025-11-10 14:26:06.705,2025-11-10 14:26:06.705,ES755-A2501,"CONTACTOR,AC3:3KW 1NO DC24V
SIRIUS Power contactor
","1P3RT2015-1BB41",Siemens,1,SG/250919697697,false,
945,"4513657244",2025-11-10 14:26:04.296,2025-11-10 14:26:04.296,ES755-A2501,"CIRCUIT-BREAKER SCREW CONNECTION 1.25A
SIRIUS Circuit breaker
","1P3RV2011-0KA10",Siemens,1,SG/250924328244,false,
944,"4513657244",2025-11-10 14:25:48.850,2025-11-10 14:25:48.850,ES755-A2501,"CONTACTOR,AC3:3KW 1NO DC24V
SIRIUS Power contactor
","1P3RT2015-1BB41",Siemens,1,SG/250919697694,false,
943,"4513657244",2025-11-10 14:25:35.761,2025-11-10 14:25:35.761,ES755-A2501,"CIRCUIT-BREAKER SCREW CONNECTION 1.25A
SIRIUS Circuit breaker
","1P3RV2011-0KA10",Siemens,1,SG/250924328229,false,
942,"4513657244",2025-11-10 14:20:33.406,2025-11-10 14:20:33.406,ES755-A2501,,"1P3RV2031-4UA10",,1,SG/250802816552,false,
940,"4513657244",2025-11-10 14:19:51.265,2025-11-10 14:19:51.265,ES755-A2501,,"1P3RV2031-4UA10",,1,SG/250802816543,false,
939,"4513657244",2025-11-10 14:19:46.292,2025-11-10 14:19:46.292,ES755-A2501,,"1P3RV2031-4UA10",,1,SG/250802816551,false,
938,"4513657244",2025-11-10 14:19:41.251,2025-11-10 14:19:41.251,ES755-A2501,"CIRCUIT-BREAKER SCREW CONNECTION 1A
SIRIUS Circuit breaker
","1P3RV2011-0JA10",Siemens,1,SG/250916527637,false,
937,"4513657244",2025-11-10 14:19:38.531,2025-11-10 14:19:38.531,ES755-A2501,"CIRCUIT-BREAKER SCREW CONNECTION 1A
SIRIUS Circuit breaker
","1P3RV2011-0JA10",Siemens,1,SG/250916527276,false,
936,"4513657244",2025-11-10 14:19:35.737,2025-11-10 14:19:35.737,ES755-A2501,"CONTACTOR,AC3:3KW 1NO DC24V
SIRIUS Power contactor
","1P3RT2015-1BB41",Siemens,1,SG/250919697612,false,
935,"4513657244",2025-11-10 14:19:32.830,2025-11-10 14:19:32.830,ES755-A2501,"CONTACTOR,AC3:3KW 1NO DC24V
SIRIUS Power contactor
","1P3RT2015-1BB41",Siemens,1,SG/250918696989,false,
934,"4513657244",2025-11-10 14:19:25.689,2025-11-10 14:19:25.689,ES755-A2501,,"1P3RV2031-4UA10",,1,SG/250802816554,false,
933,"4513657244",2025-11-10 14:19:20.292,2025-11-10 14:19:20.292,ES755-A2501,,"1P3RV2031-4UA10",,1,SG/250802816550,false,
931,"4513657244",2025-11-10 14:19:08.049,2025-11-10 14:19:08.049,ES755-A2501,"CIRCUIT-BREAKER SCREW CONNECTION 1A
SIRIUS Circuit breaker
","1P3RV2011-0JA10",Siemens,1,SG/250916529734,false,
930,"4513657244",2025-11-10 14:18:48.427,2025-11-10 14:18:48.427,ES755-A2501,"CONTACTOR,AC3:3KW 1NO DC24V
SIRIUS Power contactor
","1P3RT2015-1BB41",Siemens,1,SG/250919697608,false,
929,"4513657244",2025-11-10 14:18:28.593,2025-11-10 14:18:28.593,ES755-A2501,"","1P3RV2031-4UA10","",1,SG/250802816541,false,
928,"4513657244",2025-11-10 14:18:23.117,2025-11-10 14:18:23.117,ES755-A2501,"CIRCUIT-BREAKER SCREW CONNECTION 1A
SIRIUS Circuit breaker
","1P3RV2011-0JA10",Siemens,1,SG/250916527976,false,
927,"4513657244",2025-11-10 14:18:19.528,2025-11-10 14:18:19.528,ES755-A2501,"CIRCUIT-BREAKER SCREW CONNECTION 1A
SIRIUS Circuit breaker
","1P3RV2011-0JA10",Siemens,1,SG/250916527601,false,
926,"4513657244",2025-11-10 14:18:15.943,2025-11-10 14:18:15.943,ES755-A2501,"CONTACTOR,AC3:3KW 1NO DC24V
SIRIUS Power contactor
","1P3RT2015-1BB41",Siemens,1,SG/250919697619,false,
925,"4513657244",2025-11-10 14:18:12.207,2025-11-10 14:18:12.207,ES755-A2501,"CONTACTOR,AC3:3KW 1NO DC24V
SIRIUS Power contactor
","1P3RT2015-1BB41",Siemens,1,SG/250919697613,false,
924,"4513657244",2025-11-10 14:17:53.539,2025-11-10 14:17:53.539,ES755-A2501,"CONTACTOR,AC3:3KW 1NO DC24V
SIRIUS Power contactor
","1P3RT2015-1BB41",Siemens,1,SG/250919697695,false,
923,"4513657244",2025-11-10 14:17:50.359,2025-11-10 14:17:50.359,ES755-A2501,"CIRCUIT-BREAKER SCREW CONNECTION 1.25A
SIRIUS Circuit breaker
","1P3RV2011-0KA10",Siemens,1,SG/250924328232,false,
922,"4513657244",2025-11-10 14:17:40.863,2025-11-10 14:17:40.863,ES755-A2501,"CONTACTOR,AC3:3KW 1NO DC24V
SIRIUS Power contactor
","1P3RT2015-1BB41",Siemens,1,SG/250919697693,false,
921,"4513657244",2025-11-10 14:17:36.713,2025-11-10 14:17:36.713,ES755-A2501,"CIRCUIT-BREAKER SCREW CONNECTION 1.25A
SIRIUS Circuit breaker
","1P3RV2011-0KA10",Siemens,1,SG/250924328220,false,
920,"4513657244",2025-11-10 14:17:36.433,2025-11-10 14:17:36.433,ES755-A2501,"CIRCUIT-BREAKER SCREW CONNECTION 1.25A
SIRIUS Circuit breaker
","1P3RV2011-0KA10",Siemens,1,SG/250924328227,false,
919,"4513657244",2025-11-10 14:17:04.837,2025-11-10 14:17:04.837,ES755-A2501,"CONTACTOR,AC3:3KW 1NO DC24V
SIRIUS Power contactor
","1P3RT2015-1BB41",Siemens,1,SG/250919697668,false,
918,"4513657244",2025-11-10 14:16:57.656,2025-11-10 14:16:57.656,ES755-A2501,"CONTACTOR,AC3:3KW 1NO DC24V
SIRIUS Power contactor
","1P3RT2015-1BB41",Siemens,1,SG/250919697603,false,
917,"4513657244",2025-11-10 14:16:55.514,2025-11-10 14:16:55.514,ES755-A2501,"CIRCUIT-BREAKER SCREW CONNECTION 1.25A
SIRIUS Circuit breaker
","1P3RV2011-0KA10",Siemens,1,SG/250924328226,false,
916,"4513657244",2025-11-10 14:16:51.356,2025-11-10 14:16:51.356,ES755-A2501,"CONTACTOR,AC3:3KW 1NO DC24V
SIRIUS Power contactor
","1P3RT2015-1BB41",Siemens,1,SG/250919697686,false,
915,"4513657244",2025-11-10 14:16:39.677,2025-11-10 14:16:39.677,ES755-A2501,"CIRCUIT-BREAKER SCREW CONNECTION 1.25A
SIRIUS Circuit breaker
","1P3RV2011-0KA10",Siemens,1,SG/250924328212,false,
914,"4513657244",2025-11-10 14:16:31.750,2025-11-10 14:16:31.750,ES755-A2501,"CONTACTOR,AC3:3KW 1NO DC24V
SIRIUS Power contactor
","1P3RT2015-1BB41",Siemens,1,SG/250918696978,false,
913,"4513657244",2025-11-10 14:16:27.539,2025-11-10 14:16:27.539,ES755-A2501,"CIRCUIT-BREAKER SCREW CONNECTION 1.25A
SIRIUS Circuit breaker
","1P3RV2011-0KA10",Siemens,1,SG/250924328235,false,
912,"4513657244",2025-11-10 14:16:13.607,2025-11-10 14:16:13.607,ES755-A2501,"CONTACTOR,AC3:3KW 1NO DC24V
SIRIUS Power contactor
","1P3RT2015-1BB41",Siemens,1,SG/250919697728,false,
911,"4513657244",2025-11-10 14:16:08.825,2025-11-10 14:16:08.825,ES755-A2501,"CIRCUIT-BREAKER SCREW CONNECTION 1.25A
SIRIUS Circuit breaker
","1P3RV2011-0KA10",Siemens,1,SG/250924328217,false,
910,"4513657244",2025-11-10 14:16:02.809,2025-11-10 14:16:02.809,ES755-A2501,"CONTACTOR,AC3:3KW 1NO DC24V
SIRIUS Power contactor
","1P3RT2015-1BB41",Siemens,1,SG/250919697696,false,
909,"4513657244",2025-11-10 14:16:00.039,2025-11-10 14:16:00.039,ES755-A2501,"CIRCUIT-BREAKER SCREW CONNECTION 1.25A
SIRIUS Circuit breaker
","1P3RV2011-0KA10",Siemens,1,SG/250924328236,false,
908,"4513657244",2025-11-10 14:15:36.156,2025-11-10 14:15:36.156,ES755-A2501,"CONTACTOR,AC3:3KW 1NO DC24V
SIRIUS Power contactor
","1P3RT2015-1BB41",Siemens,1,SG/250918696993,false,
907,"4513657244",2025-11-10 14:15:33.247,2025-11-10 14:15:33.247,ES755-A2501,"CIRCUIT-BREAKER SCREW CONNECTION 1.25A
SIRIUS Circuit breaker
","1P3RV2011-0KA10",Siemens,1,SG/250924328224,false,
906,"4513657244",2025-11-10 14:08:49.633,2025-11-10 14:08:49.633,ES755-A2501,"CIRCUIT-BREAKER, SCREW CONNECTION 3,2A
SZ.S00; 1NO+1NC
2,2-3,2A","1P3RV2011-1DA15",Siemens,1,SG/250924331110,false,
905,"4513657244",2025-11-10 14:08:46.897,2025-11-10 14:08:46.897,ES755-A2501,"CIRCUIT-BREAKER SCREW CONNECTION 5A
SIRIUS Circuit breaker
","1P3RV2011-1FA10",Siemens,1,SG/241023502331,false,
904,"4513657244",2025-11-10 14:08:43.521,2025-11-10 14:08:43.521,ES755-A2501,"CIRCUIT-BREAKER SCREW CONNECTION 5A
SIRIUS Circuit breaker
","1P3RV2011-1FA10",Siemens,1,SG/241014710141,false,
903,"4513657244",2025-11-10 14:08:41.433,2025-11-10 14:08:41.433,ES755-A2501,"CIRCUIT-BREAKER SCREW CONNECTION 5A
SIRIUS Circuit breaker
","1P3RV2011-1FA10",Siemens,1,SG/240617471193,false,
902,"4513657244",2025-11-10 14:08:38.604,2025-11-10 14:08:38.604,ES755-A2501,"CIRCUIT-BREAKER SCREW CONNECTION 5A
SIRIUS Circuit breaker
","1P3RV2011-1FA10",Siemens,1,SG/241023502951,false,
901,"4513657244",2025-11-10 14:08:33.345,2025-11-10 14:08:33.345,ES755-A2501,"CIRCUIT-BREAKER SCREW CONNECTION 5A
SIRIUS Circuit breaker
","1P3RV2011-1FA10",Siemens,1,SG/240327393216,false,
900,"4513657244",2025-11-10 14:08:31.311,2025-11-10 14:08:31.311,ES755-A2501,"CIRCUIT-BREAKER SCREW CONNECTION 5A
SIRIUS Circuit breaker
","1P3RV2011-1FA10",Siemens,1,SG/241023502312,false,
899,"4513657244",2025-11-10 14:08:28.917,2025-11-10 14:08:28.917,ES755-A2501,"CONTACTOR,AC3:3KW 1NO DC24V
SIRIUS Power contactor
","1P3RT2015-1BB41",Siemens,1,SG/250919697702,false,
898,"4513657244",2025-11-10 14:08:26.364,2025-11-10 14:08:26.364,ES755-A2501,"CONTACTOR,AC3:3KW 1NO DC24V
SIRIUS Power contactor
","1P3RT2015-1BB41",Siemens,1,SG/250918696976,false,
897,"4513657244",2025-11-10 14:08:16.433,2025-11-10 14:08:16.433,ES755-A2501,"CONTACTOR,AC3:3KW 1NO DC24V
SIRIUS Power contactor
","1P3RT2015-1BB41",Siemens,1,SG/250919697595,false,
896,"4513657244",2025-11-10 14:08:14.575,2025-11-10 14:08:14.575,ES755-A2501,"CONTACTOR,AC3:3KW 1NO DC24V
SIRIUS Power contactor
","1P3RT2015-1BB41",Siemens,1,SG/250919697685,false,
895,"4513657244",2025-11-10 14:08:12.636,2025-11-10 14:08:12.636,ES755-A2501,"CONTACTOR,AC3:3KW 1NO DC24V
SIRIUS Power contactor
","1P3RT2015-1BB41",Siemens,1,SG/250919697522,false,
894,"4513657244",2025-11-10 14:08:10.501,2025-11-10 14:08:10.501,ES755-A2501,"CONTACTOR,AC3:3KW 1NO DC24V
SIRIUS Power contactor
","1P3RT2015-1BB41",Siemens,1,SG/250919697713,false,
893,"4513657244",2025-11-10 14:08:07.225,2025-11-10 14:08:07.225,ES755-A2501,"CIRCUIT-BREAKER SCREW CONNECTION 1A
SIRIUS Circuit breaker
","1P3RV2011-0JA10",Siemens,1,SG/250916527975,false,
892,"4513657244",2025-11-10 14:08:05.223,2025-11-10 14:08:05.223,ES755-A2501,"CIRCUIT-BREAKER SCREW CONNECTION 1A
SIRIUS Circuit breaker
","1P3RV2011-0JA10",Siemens,1,SG/250916527980,false,
891,"4513657244",2025-11-10 14:08:02.033,2025-11-10 14:08:02.033,ES755-A2501,"CIRCUIT-BREAKER SCREW CONNECTION 1A
SIRIUS Circuit breaker
","1P3RV2011-0JA10",Siemens,1,SG/250916527972,false,
890,"4513657244",2025-11-10 14:07:57.494,2025-11-10 14:07:57.494,ES755-A2501,"CIRCUIT-BREAKER SCREW CONNECTION 1A
SIRIUS Circuit breaker
","1P3RV2011-0JA10",Siemens,1,SG/250916527614,false,
889,"4513657244",2025-11-10 14:07:54.027,2025-11-10 14:07:54.027,ES755-A2501,"CIRCUIT-BREAKER SCREW CONNECTION 1A
SIRIUS Circuit breaker
","1P3RV2011-0JA10",Siemens,1,SG/250916527603,false,
888,"4513657244",2025-11-10 14:07:51.642,2025-11-10 14:07:51.642,ES755-A2501,"CIRCUIT-BREAKER SCREW CONNECTION 1A
SIRIUS Circuit breaker
","1P3RV2011-0JA10",Siemens,1,SG/250916527279,false,
887,"4513657244",2025-11-10 14:07:49.425,2025-11-10 14:07:49.425,ES755-A2501,"CONTACTOR,AC3:3KW 1NO DC24V
SIRIUS Power contactor
","1P3RT2015-1BB41",Siemens,1,SG/250919697610,false,
886,"4513657244",2025-11-10 14:07:47.371,2025-11-10 14:07:47.371,ES755-A2501,"CONTACTOR,AC3:3KW 1NO DC24V
SIRIUS Power contactor
","1P3RT2015-1BB41",Siemens,1,SG/250919697667,false,
885,"4513657244",2025-11-10 14:07:44.299,2025-11-10 14:07:44.299,ES755-A2501,"CONTACTOR,AC3:3KW 1NO DC24V
SIRIUS Power contactor
","1P3RT2015-1BB41",Siemens,1,SG/250919697700,false,
884,"4513657244",2025-11-10 14:07:41.159,2025-11-10 14:07:41.159,ES755-A2501,"CONTACTOR,AC3:3KW 1NO DC24V
SIRIUS Power contactor
","1P3RT2015-1BB41",Siemens,1,SG/250919697690,false,
883,"4513657244",2025-11-10 14:07:38.902,2025-11-10 14:07:38.902,ES755-A2501,"CONTACTOR,AC3:3KW 1NO DC24V
SIRIUS Power contactor
","1P3RT2015-1BB41",Siemens,1,SG/250919697531,false,
882,"4513657244",2025-11-10 14:07:36.768,2025-11-10 14:07:36.768,ES755-A2501,"CONTACTOR,AC3:3KW 1NO DC24V
SIRIUS Power contactor
","1P3RT2015-1BB41",Siemens,1,SG/250919697673,false,
881,"4513657244",2025-11-10 14:07:21.007,2025-11-10 14:07:21.007,ES755-A2501,"CIRCUIT-BREAKER, SCREW CONNECTION 3,2A
SZ.S00; 1NO+1NC
2,2-3,2A","1P3RV2011-1DA15",Siemens,1,SG/250924331130,false,
879,"4513657244",2025-11-10 14:07:15.589,2025-11-10 14:07:15.589,ES755-A2501,,"1P3RV2011-1DA10",,1,SG/250917549868,false,
878,"4513657244",2025-11-10 14:07:12.362,2025-11-10 14:07:12.362,ES755-A2501,"CIRCUIT-BREAKER SCREW CONNECTION 5A
SIRIUS Circuit breaker
","1P3RV2011-1FA10",Siemens,1,SG/241023502965,false,
877,"4513657244",2025-11-10 14:06:59.468,2025-11-10 14:06:59.468,ES755-A2501,"CIRCUIT-BREAKER SCREW CONNECTION 5A
SIRIUS Circuit breaker
","1P3RV2011-1FA10",Siemens,1,SG/241023502289,false,
876,"4513657244",2025-11-10 14:06:55.072,2025-11-10 14:06:55.072,ES755-A2501,"CIRCUIT-BREAKER SCREW CONNECTION 5A
SIRIUS Circuit breaker
","1P3RV2011-1FA10",Siemens,1,SG/241023502299,false,
875,"4513657244",2025-11-10 14:06:52.846,2025-11-10 14:06:52.846,ES755-A2501,"CIRCUIT-BREAKER SCREW CONNECTION 5A
SIRIUS Circuit breaker
","1P3RV2011-1FA10",Siemens,1,SG/241014707680,false,
874,"4513657244",2025-11-10 14:06:50.535,2025-11-10 14:06:50.535,ES755-A2501,"CIRCUIT-BREAKER SCREW CONNECTION 5A
SIRIUS Circuit breaker
","1P3RV2011-1FA10",Siemens,1,SG/241023502972,false,
873,"4513657244",2025-11-10 14:06:47.323,2025-11-10 14:06:47.323,ES755-A2501,"CIRCUIT-BREAKER SCREW CONNECTION 5A
SIRIUS Circuit breaker
","1P3RV2011-1FA10",Siemens,1,SG/241023502285,false,
872,"4513657244",2025-11-10 14:06:45.010,2025-11-10 14:06:45.010,ES755-A2501,"CONTACTOR,AC3:3KW 1NO DC24V
SIRIUS Power contactor
","1P3RT2015-1BB41",Siemens,1,SG/250919697614,false,
871,"4513657244",2025-11-10 14:06:43.104,2025-11-10 14:06:43.104,ES755-A2501,"CONTACTOR,AC3:3KW 1NO DC24V
SIRIUS Power contactor
","1P3RT2015-1BB41",Siemens,1,SG/250919697578,false,
870,"4513657244",2025-11-10 14:06:40.797,2025-11-10 14:06:40.797,ES755-A2501,"CONTACTOR,AC3:3KW 1NO DC24V
SIRIUS Power contactor
","1P3RT2015-1BB41",Siemens,1,SG/250919697600,false,
869,"4513657244",2025-11-10 14:06:38.627,2025-11-10 14:06:38.627,ES755-A2501,"CONTACTOR,AC3:3KW 1NO DC24V
SIRIUS Power contactor
","1P3RT2015-1BB41",Siemens,1,SG/250919697594,false,
868,"4513657244",2025-11-10 14:06:36.576,2025-11-10 14:06:36.576,ES755-A2501,"CONTACTOR,AC3:3KW 1NO DC24V
SIRIUS Power contactor
","1P3RT2015-1BB41",Siemens,1,SG/250919697703,false,
867,"4513657244",2025-11-10 14:06:33.980,2025-11-10 14:06:33.980,ES755-A2501,"CONTACTOR,AC3:3KW 1NO DC24V
SIRIUS Power contactor
","1P3RT2015-1BB41",Siemens,1,SG/250919697687,false,
866,"4513657244",2025-11-10 14:06:31.814,2025-11-10 14:06:31.814,ES755-A2501,"CONTACTOR,AC3:3KW 1NO DC24V
SIRIUS Power contactor
","1P3RT2015-1BB41",Siemens,1,SG/250919697676,false,
865,"4513657244",2025-11-10 14:06:28.658,2025-11-10 14:06:28.658,ES755-A2501,"CIRCUIT-BREAKER SCREW CONNECTION 1A
SIRIUS Circuit breaker
","1P3RV2011-0JA10",Siemens,1,SG/250916527606,false,
864,"4513657244",2025-11-10 14:06:26.551,2025-11-10 14:06:26.551,ES755-A2501,"CIRCUIT-BREAKER SCREW CONNECTION 1A
SIRIUS Circuit breaker
","1P3RV2011-0JA10",Siemens,1,SG/250916525310,false,
863,"4513657244",2025-11-10 14:06:23.958,2025-11-10 14:06:23.958,ES755-A2501,"CIRCUIT-BREAKER SCREW CONNECTION 1A
SIRIUS Circuit breaker
","1P3RV2011-0JA10",Siemens,1,SG/250916527900,false,
862,"4513657244",2025-11-10 14:06:21.377,2025-11-10 14:06:21.377,ES755-A2501,"CIRCUIT-BREAKER SCREW CONNECTION 1A
SIRIUS Circuit breaker
","1P3RV2011-0JA10",Siemens,1,SG/250916527626,false,
861,"4513657244",2025-11-10 14:06:19.287,2025-11-10 14:06:19.287,ES755-A2501,"CIRCUIT-BREAKER SCREW CONNECTION 1A
SIRIUS Circuit breaker
","1P3RV2011-0JA10",Siemens,1,SG/250916527974,false,
860,"4513657244",2025-11-10 14:06:15.959,2025-11-10 14:06:15.959,ES755-A2501,"CIRCUIT-BREAKER SCREW CONNECTION 1A
SIRIUS Circuit breaker
","1P3RV2011-0JA10",Siemens,1,SG/250916527989,false,
859,"4513657244",2025-11-10 14:06:03.620,2025-11-10 14:06:03.620,ES755-A2501,"CONTACTOR,AC3:3KW 1NO DC24V
SIRIUS Power contactor
","1P3RT2015-1BB41",Siemens,1,SG/250919697577,false,
858,"4513657244",2025-11-10 14:06:01.427,2025-11-10 14:06:01.427,ES755-A2501,"CONTACTOR,AC3:3KW 1NO DC24V
SIRIUS Power contactor
","1P3RT2015-1BB41",Siemens,1,SG/250919697670,false,
857,"4513657244",2025-11-10 14:05:59.002,2025-11-10 14:05:59.002,ES755-A2501,"CONTACTOR,AC3:3KW 1NO DC24V
SIRIUS Power contactor
","1P3RT2015-1BB41",Siemens,1,SG/250918696954,false,
856,"4513657244",2025-11-10 14:05:56.679,2025-11-10 14:05:56.679,ES755-A2501,"CONTACTOR,AC3:3KW 1NO DC24V
SIRIUS Power contactor
","1P3RT2015-1BB41",Siemens,1,SG/250918696979,false,
854,"4513657244",2025-11-10 14:05:46.428,2025-11-10 14:05:46.428,ES755-A2501,,"",,1,"",false,
853,"4513657244",2025-11-10 14:05:46.031,2025-11-10 14:05:46.031,ES755-A2501,"CONTACTOR,AC3:3KW 1NO DC24V
SIRIUS Power contactor
","1P3RT2015-1BB41",Siemens,1,SG/250919697718,false,
852,"4513657244",2025-11-10 14:05:43.310,2025-11-10 14:05:43.310,ES755-A2501,"CONTACTOR,AC3:3KW 1NO DC24V
SIRIUS Power contactor
","1P3RT2015-1BB41",Siemens,1,SG/250919697607,false,
850,"4513657244",2025-11-10 14:04:44.037,2025-11-10 14:04:44.037,ES755-A2501,"CONTACTOR,AC3:3KW 1NO DC24V
SIRIUS Power contactor
","1P3RT2015-1BB41",Siemens,1,SG/250918696997,false,
848,"4513657244",2025-11-10 14:04:39.090,2025-11-10 14:04:39.090,ES755-A2501,"CONTACTOR,AC3:3KW 1NO DC24V
SIRIUS Power contactor
","1P3RT2015-1BB41",Siemens,1,SG/250919697698,false,
846,"4513657244",2025-11-10 14:04:33.914,2025-11-10 14:04:33.914,ES755-A2501,"CONTACTOR,AC3:3KW 1NO DC24V
SIRIUS Power contactor
","1P3RT2015-1BB41",Siemens,1,SG/250919697688,false,
844,"4513657244",2025-11-10 14:04:26.730,2025-11-10 14:04:26.730,ES755-A2501,"CONTACTOR,AC3:3KW 1NO DC24V
SIRIUS Power contactor
","1P3RT2015-1BB41",Siemens,1,SG/250919697680,false,
843,"4513657244",2025-11-10 14:04:19.777,2025-11-10 14:04:19.777,ES755-A2501,"CIRCUIT-BREAKER, SCREW CONNECTION 3,2A
SZ.S00; 1NO+1NC
2,2-3,2A","1P3RV2011-1DA15",Siemens,1,SG/250924331096,false,
842,"4513657244",2025-11-10 14:03:44.971,2025-11-10 14:03:44.971,ES755-A2501,"CIRCUIT-BREAKER, SCREW CONNECTION 3,2A
SZ.S00; 1NO+1NC
2,2-3,2A","1P3RV2011-1DA15",Siemens,1,SG/250924331098,false,
841,"4513657244",2025-11-10 14:03:37.567,2025-11-10 14:03:37.567,ES755-A2501,"CIRCUIT-BREAKER SCREW CONNECTION 5A
SIRIUS Circuit breaker
","1P3RV2011-1FA10",Siemens,1,SG/241023502975,false,
840,"4513657244",2025-11-10 14:03:27.355,2025-11-10 14:03:27.355,ES755-A2501,"CIRCUIT-BREAKER SCREW CONNECTION 5A
SIRIUS Circuit breaker
","1P3RV2011-1FA10",Siemens,1,SG/241023502305,false,
839,"4513657244",2025-11-10 14:03:24.848,2025-11-10 14:03:24.848,ES755-A2501,"CIRCUIT-BREAKER SCREW CONNECTION 5A
SIRIUS Circuit breaker
","1P3RV2011-1FA10",Siemens,1,SG/241023502306,false,
838,"4513657244",2025-11-10 14:03:22.181,2025-11-10 14:03:22.181,ES755-A2501,"CIRCUIT-BREAKER SCREW CONNECTION 5A
SIRIUS Circuit breaker
","1P3RV2011-1FA10",Siemens,1,SG/241023502287,false,
837,"4513657244",2025-11-10 14:03:19.801,2025-11-10 14:03:19.801,ES755-A2501,"CIRCUIT-BREAKER SCREW CONNECTION 5A
SIRIUS Circuit breaker
","1P3RV2011-1FA10",Siemens,1,SG/241023502961,false,
836,"4513657244",2025-11-10 14:03:14.527,2025-11-10 14:03:14.527,ES755-A2501,"CONTACTOR,AC3:3KW 1NO DC24V
SIRIUS Power contactor
","1P3RT2015-1BB41",Siemens,1,SG/250919697701,false,
835,"4513657244",2025-11-10 14:03:11.010,2025-11-10 14:03:11.010,ES755-A2501,"CONTACTOR,AC3:3KW 1NO DC24V
SIRIUS Power contactor
","1P3RT2015-1BB41",Siemens,1,SG/250919697596,false,
834,"4513657244",2025-11-10 14:03:04.669,2025-11-10 14:03:04.669,ES755-A2501,"CONTACTOR,AC3:3KW 1NO DC24V
SIRIUS Power contactor
","1P3RT2015-1BB41",Siemens,1,SG/250919697601,false,
833,"4513657244",2025-11-10 14:02:56.483,2025-11-10 14:02:56.483,ES755-A2501,"CONTACTOR,AC3:3KW 1NO DC24V
SIRIUS Power contactor
","1P3RT2015-1BB41",Siemens,1,SG/250919697663,false,
832,"4513657244",2025-11-10 14:02:54.318,2025-11-10 14:02:54.318,ES755-A2501,"CONTACTOR,AC3:3KW 1NO DC24V
SIRIUS Power contactor
","1P3RT2015-1BB41",Siemens,1,SG/250919697705,false,
831,"4513657244",2025-11-10 14:02:52.152,2025-11-10 14:02:52.152,ES755-A2501,"CONTACTOR,AC3:3KW 1NO DC24V
SIRIUS Power contactor
","1P3RT2015-1BB41",Siemens,1,SG/250919697704,false,
830,"4513657244",2025-11-10 14:02:48.784,2025-11-10 14:02:48.784,ES755-A2501,"CIRCUIT-BREAKER SCREW CONNECTION 1A
SIRIUS Circuit breaker
","1P3RV2011-0JA10",Siemens,1,SG/250916525312,false,
829,"4513657244",2025-11-10 14:02:46.357,2025-11-10 14:02:46.357,ES755-A2501,"CIRCUIT-BREAKER SCREW CONNECTION 1A
SIRIUS Circuit breaker
","1P3RV2011-0JA10",Siemens,1,SG/250916527622,false,
828,"4513657244",2025-11-10 14:02:43.241,2025-11-10 14:02:43.241,ES755-A2501,"CIRCUIT-BREAKER SCREW CONNECTION 1A
SIRIUS Circuit breaker
","1P3RV2011-0JA10",Siemens,1,SG/250916525309,false,
827,"4513657244",2025-11-10 14:02:35.578,2025-11-10 14:02:35.578,ES755-A2501,"CIRCUIT-BREAKER SCREW CONNECTION 1A
SIRIUS Circuit breaker
","1P3RV2011-0JA10",Siemens,1,SG/250916527593,false,
826,"4513657244",2025-11-10 14:02:33.132,2025-11-10 14:02:33.132,ES755-A2501,"CIRCUIT-BREAKER SCREW CONNECTION 1A
SIRIUS Circuit breaker
","1P3RV2011-0JA10",Siemens,1,SG/250916527629,false,
825,"4513657244",2025-11-10 14:02:30.593,2025-11-10 14:02:30.593,ES755-A2501,"CONTACTOR,AC3:3KW 1NO DC24V
SIRIUS Power contactor
","1P3RT2015-1BB41",Siemens,1,SG/250918696957,false,
824,"4513657244",2025-11-10 14:02:27.333,2025-11-10 14:02:27.333,ES755-A2501,"CONTACTOR,AC3:3KW 1NO DC24V
SIRIUS Power contactor
","1P3RT2015-1BB41",Siemens,1,SG/250918696977,false,
823,"4513657244",2025-11-10 14:02:23.873,2025-11-10 14:02:23.873,ES755-A2501,"CONTACTOR,AC3:3KW 1NO DC24V
SIRIUS Power contactor
","1P3RT2015-1BB41",Siemens,1,SG/250919697570,false,
822,"4513657244",2025-11-10 14:02:13.515,2025-11-10 14:02:13.515,ES755-A2501,"CONTACTOR,AC3:3KW 1NO DC24V
SIRIUS Power contactor
","1P3RT2015-1BB41",Siemens,1,SG/250919697583,false,
821,"4513657244",2025-11-10 14:01:21.931,2025-11-10 14:01:21.931,ES755-A2501,"CONTACTOR,AC3:3KW 1NO DC24V
SIRIUS Power contactor
","1P3RT2015-1BB41",Siemens,1,SG/250919697609,false,
820,"4513657244",2025-11-10 14:01:19.423,2025-11-10 14:01:19.423,ES755-A2501,"CIRCUIT-BREAKER SCREW CONNECTION 1A
SIRIUS Circuit breaker
","1P3RV2011-0JA10",Siemens,1,SG/250916525319,false,
819,"4513657244",2025-11-10 14:01:15.368,2025-11-10 14:01:15.368,ES755-A2501,,"1P3RV2031-4UA10",,1,SG/250802816559,false,
818,"4513657244",2025-11-10 14:01:10.984,2025-11-10 14:01:10.984,ES755-A2501,,"1P3RV2031-4UA10",,1,SG/250802816545,false,
817,"4513657244",2025-11-10 14:01:04.691,2025-11-10 14:01:04.691,ES755-A2501,,"1P3RV2031-4UA10",,1,SG/250802816544,false,
816,"4513657244",2025-11-10 14:01:00.489,2025-11-10 14:01:00.489,ES755-A2501,"CIRCUIT-BREAKER SCREW CONNECTION 1A
SIRIUS Circuit breaker
","1P3RV2011-0JA10",Siemens,1,SG/250916527608,false,
815,"4513657244",2025-11-10 14:00:56.459,2025-11-10 14:00:56.459,ES755-A2501,"CONTACTOR,AC3:3KW 1NO DC24V
SIRIUS Power contactor
","1P3RT2015-1BB41",Siemens,1,SG/250919697715,false,
814,"4513657244",2025-11-10 14:00:52.489,2025-11-10 14:00:52.489,ES755-A2501,"CIRCUIT-BREAKER SCREW CONNECTION 1A
SIRIUS Circuit breaker
","1P3RV2011-0JA10",Siemens,1,SG/250916527278,false,
813,"4513657244",2025-11-10 14:00:50.005,2025-11-10 14:00:50.005,ES755-A2501,"CONTACTOR,AC3:3KW 1NO DC24V
SIRIUS Power contactor
","1P3RT2015-1BB41",Siemens,1,SG/250919697710,false,
812,"4513657244",2025-11-10 14:00:46.442,2025-11-10 14:00:46.442,ES755-A2501,,"1P3RV2031-4UA10",,1,SG/250802816558,false,
811,"4513657244",2025-11-10 14:00:41.336,2025-11-10 14:00:41.336,ES755-A2501,,"1P3RV2031-4UA10",,1,SG/250802816542,false,
810,"4513657244",2025-11-10 14:00:37.252,2025-11-10 14:00:37.252,ES755-A2501,"CIRCUIT-BREAKER SCREW CONNECTION 1A
SIRIUS Circuit breaker
","1P3RV2011-0JA10",Siemens,1,SG/250916527594,false,
809,"4513657244",2025-11-10 14:00:35.048,2025-11-10 14:00:35.048,ES755-A2501,"CONTACTOR,AC3:3KW 1NO DC24V
SIRIUS Power contactor
","1P3RT2015-1BB41",Siemens,1,SG/250918696998,false,
808,"4513657244",2025-11-10 14:00:30.768,2025-11-10 14:00:30.768,ES755-A2501,"CIRCUIT-BREAKER SCREW CONNECTION 1A
SIRIUS Circuit breaker
","1P3RV2011-0JA10",Siemens,1,SG/250916527638,false,
807,"4513657244",2025-11-10 14:00:28.404,2025-11-10 14:00:28.404,ES755-A2501,"CONTACTOR,AC3:3KW 1NO DC24V
SIRIUS Power contactor
","1P3RT2015-1BB41",Siemens,1,SG/250919697732,false,
806,"4513657244",2025-11-10 14:00:16.871,2025-11-10 14:00:16.871,ES755-A2501,,"1P3RV2031-4UA10",,1,SG/250802816549,false,
805,"4513657244",2025-11-10 14:00:03.113,2025-11-10 14:00:03.113,ES755-A2501,,"1P3RV2031-4UA10",,1,SG/250802816553,false,
804,"4513657244",2025-11-10 13:59:52.372,2025-11-10 13:59:52.372,ES755-A2501,"CIRCUIT-BREAKER SCREW CONNECTION 1A
SIRIUS Circuit breaker
","1P3RV2011-0JA10",Siemens,1,SG/250916527596,false,
803,"4513657244",2025-11-10 13:59:49.968,2025-11-10 13:59:49.968,ES755-A2501,"CONTACTOR,AC3:3KW 1NO DC24V
SIRIUS Power contactor
","1P3RT2015-1BB41",Siemens,1,SG/250918696973,false,
802,"4513657244",2025-11-10 13:59:43.051,2025-11-10 13:59:43.051,ES755-A2501,"CIRCUIT-BREAKER SCREW CONNECTION 1A
SIRIUS Circuit breaker
","1P3RV2011-0JA10",Siemens,1,SG/250916527990,false,
801,"4513657244",2025-11-10 13:59:35.890,2025-11-10 13:59:35.890,ES755-A2501,"CONTACTOR,AC3:3KW 1NO DC24V
SIRIUS Power contactor
","1P3RT2015-1BB41",Siemens,1,SG/250918696955,false,
800,"4513657244",2025-11-10 13:59:25.408,2025-11-10 13:59:25.408,ES755-A2501,"CONTACTOR,AC3:3KW 1NO DC24V
SIRIUS Power contactor
","1P3RT2015-1BB41",Siemens,1,SG/250919697533,false,
799,"4513657244",2025-11-10 13:59:22.968,2025-11-10 13:59:22.968,ES755-A2501,"CIRCUIT-BREAKER SCREW CONNECTION 1.25A
SIRIUS Circuit breaker
","1P3RV2011-0KA10",Siemens,1,SG/250924328215,false,
798,"4513657244",2025-11-10 13:59:17.584,2025-11-10 13:59:17.584,ES755-A2501,"CONTACTOR,AC3:3KW 1NO DC24V
SIRIUS Power contactor
","1P3RT2015-1BB41",Siemens,1,SG/250919697606,false,
797,"4513657244",2025-11-10 13:59:11.142,2025-11-10 13:59:11.142,ES755-A2501,"CONTACTOR,AC3:3KW 1NO DC24V
SIRIUS Power contactor
","1P3RT2015-1BB41",Siemens,1,SG/250919697604,false,
796,"4513657244",2025-11-10 13:59:07.415,2025-11-10 13:59:07.415,ES755-A2501,"CIRCUIT-BREAKER SCREW CONNECTION 1.25A
SIRIUS Circuit breaker
","1P3RV2011-0KA10",Siemens,1,SG/250924328228,false,
795,"4513657244",2025-11-10 13:59:01.478,2025-11-10 13:59:01.478,ES755-A2501,"CONTACTOR,AC3:3KW 1NO DC24V
SIRIUS Power contactor
","1P3RT2015-1BB41",Siemens,1,SG/250918696971,false,
794,"4513657244",2025-11-10 13:58:55.584,2025-11-10 13:58:55.584,ES755-A2501,"CONTACTOR,AC3:3KW 1NO DC24V
SIRIUS Power contactor
","1P3RT2015-1BB41",Siemens,1,SG/250919697678,false,
793,"4513657244",2025-11-10 13:58:50.295,2025-11-10 13:58:50.295,ES755-A2501,"CONTACTOR,AC3:3KW 1NO DC24V
SIRIUS Power contactor
","1P3RT2015-1BB41",Siemens,1,SG/250919697598,false,
792,"4513657244",2025-11-10 13:58:45.310,2025-11-10 13:58:45.310,ES755-A2501,"CONTACTOR,AC3:3KW 1NO DC24V
SIRIUS Power contactor
","1P3RT2015-1BB41",Siemens,1,SG/250919697744,false,
791,"4513657244",2025-11-10 13:58:40.438,2025-11-10 13:58:40.438,ES755-A2501,"CONTACTOR,AC3:3KW 1NO DC24V
SIRIUS Power contactor
","1P3RT2015-1BB41",Siemens,1,SG/250919697692,false,
790,"4513657244",2025-11-10 13:58:34.883,2025-11-10 13:58:34.883,ES755-A2501,"CONTACTOR,AC3:3KW 1NO DC24V
SIRIUS Power contactor
","1P3RT2015-1BB41",Siemens,1,SG/250919697689,false,
789,"4513657244",2025-11-10 13:56:56.377,2025-11-10 13:56:56.377,ES755-A2501,"CONTACTOR,AC3:3KW 1NO DC24V
SIRIUS Power contactor
","1P3RT2015-1BB41",Siemens,1,SG/250918696953,false,
788,"4513657244",2025-11-10 13:56:36.078,2025-11-10 13:56:36.078,ES755-A2501,"CONTACTOR,AC3:3KW 1NO DC24V
SIRIUS Power contactor
","1P3RT2015-1BB41",Siemens,1,SG/250919697527,false,
787,"4513657244",2025-11-10 13:56:26.519,2025-11-10 13:56:26.519,ES755-A2501,"CONTACTOR,AC3:7,5KW 1NO DC24V
SIRIUS Power contactor
.","1P3RT2018-1BB41",Siemens,1,SG/251007886256,false,
786,"4513657244",2025-11-10 13:56:23.478,2025-11-10 13:56:23.478,ES755-A2501,"CONTACTOR,AC3:7,5KW 1NO DC24V
SIRIUS Power contactor
.","1P3RT2018-1BB41",Siemens,1,SG/251007886237,false,
785,"4513657244",2025-11-10 13:56:19.538,2025-11-10 13:56:19.538,ES755-A2501,"CONTACTOR,AC3:7,5KW 1NO DC24V
SIRIUS Power contactor
.","1P3RT2018-1BB41",Siemens,1,SG/251007886238,false,
784,"4513657244",2025-11-10 13:56:14.891,2025-11-10 13:56:14.891,ES755-A2501,"CONTACTOR,AC3:7,5KW 1NO DC24V
SIRIUS Power contactor
.","1P3RT2018-1BB41",Siemens,1,SG/251007886271,false,
783,"4513657244",2025-11-10 13:56:10.972,2025-11-10 13:56:10.972,ES755-A2501,"CONTACTOR,AC3:7,5KW 1NO DC24V
SIRIUS Power contactor
.","1P3RT2018-1BB41",Siemens,1,SG/251007886233,false,
782,"4513657244",2025-11-10 13:54:39.757,2025-11-10 13:54:39.757,ES755-A2501,"CONTACTOR,AC3:3KW 1NO DC24V
SIRIUS Power contactor
","1P3RT2015-1BB41",Siemens,1,SG/250919697712,false,
781,"4513657244",2025-11-10 13:54:31.545,2025-11-10 13:54:31.545,ES755-A2501,"CONTACTOR,AC3:3KW 1NO DC24V
SIRIUS Power contactor
","1P3RT2015-1BB41",Siemens,1,SG/250919697707,false,
780,"4513657244",2025-11-10 13:54:28.055,2025-11-10 13:54:28.055,ES755-A2501,"CONTACTOR,AC3:3KW 1NO DC24V
SIRIUS Power contactor
","1P3RT2015-1BB41",Siemens,1,SG/250919697753,false,
779,"4513657244",2025-11-10 13:54:08.851,2025-11-10 13:54:08.851,ES755-A2501,"CONTACTOR,AC3:3KW 1NO DC24V
SIRIUS Power contactor
","1P3RT2015-1BB41",Siemens,1,SG/250919697717,false,
778,"4513657244",2025-11-10 13:54:05.303,2025-11-10 13:54:05.303,ES755-A2501,"CONTACTOR,AC3:3KW 1NO DC24V
SIRIUS Power contactor
","1P3RT2015-1BB41",Siemens,1,SG/250918696980,false,
777,"4513657244",2025-11-10 13:54:01.197,2025-11-10 13:54:01.197,ES755-A2501,"CONTACTOR,AC3:3KW 1NO DC24V
SIRIUS Power contactor
","1P3RT2015-1BB41",Siemens,1,SG/250919697706,false,
776,"4513657244",2025-11-10 13:53:53.327,2025-11-10 13:53:53.327,ES755-A2501,"CONTACTOR,AC3:3KW 1NO DC24V
SIRIUS Power contactor
","1P3RT2015-1BB41",Siemens,1,SG/250918696995,false,
775,"4513657244",2025-11-10 13:53:50.269,2025-11-10 13:53:50.269,ES755-A2501,"CONTACTOR,AC3:3KW 1NO DC24V
SIRIUS Power contactor
","1P3RT2015-1BB41",Siemens,1,SG/250919697708,false,
774,"4513657244",2025-11-10 13:53:46.600,2025-11-10 13:53:46.600,ES755-A2501,"CONTACTOR,AC3:3KW 1NO DC24V
SIRIUS Power contactor
","1P3RT2015-1BB41",Siemens,1,SG/250919697682,false,
773,"4513657244",2025-11-10 13:53:35.158,2025-11-10 13:53:35.158,ES755-A2501,"CONTACTOR,AC3:3KW 1NO DC24V
SIRIUS Power contactor
","1P3RT2015-1BB41",Siemens,1,SG/250919697572,false,
772,"4513657244",2025-11-10 13:53:31.443,2025-11-10 13:53:31.443,ES755-A2501,"CONTACTOR,AC3:3KW 1NO DC24V
SIRIUS Power contactor
","1P3RT2015-1BB41",Siemens,1,SG/250919697737,false,
771,"4513657244",2025-11-10 13:53:25.374,2025-11-10 13:53:25.374,ES755-A2501,"CONTACTOR,AC3:3KW 1NO DC24V
SIRIUS Power contactor
","1P3RT2015-1BB41",Siemens,1,SG/250919697684,false,
770,"4513657244",2025-11-10 13:53:13.892,2025-11-10 13:53:13.892,ES755-A2501,"CONTACTOR,AC3:3KW 1NO DC24V
SIRIUS Power contactor
","1P3RT2015-1BB41",Siemens,1,SG/250918696981,false,
769,"4513657244",2025-11-10 13:50:56.053,2025-11-10 13:50:56.053,ES755-A2501,"CIRCUIT-BREAKER SCREW CONNECTION 2A
SIRIUS Circuit breaker
","1P3RV2011-1BA10",Siemens,1,SG/250923953780,false,
768,"4513657244",2025-11-10 13:50:51.994,2025-11-10 13:50:51.994,ES755-A2501,"CIRCUIT-BREAKER SCREW CONNECTION 2A
SIRIUS Circuit breaker
","1P3RV2011-1BA10",Siemens,1,SG/250923916039,false,
767,"4513657244",2025-11-10 13:50:44.721,2025-11-10 13:50:44.721,ES755-A2501,"CIRCUIT-BREAKER SCREW CONNECTION 2A
SIRIUS Circuit breaker
","1P3RV2011-1BA10",Siemens,1,SG/250923953796,false,
766,"4513657244",2025-11-10 13:50:41.129,2025-11-10 13:50:41.129,ES755-A2501,"CIRCUIT-BREAKER SCREW CONNECTION 2A
SIRIUS Circuit breaker
","1P3RV2011-1BA10",Siemens,1,SG/250923953781,false,
765,"4513657244",2025-11-10 13:46:50.690,2025-11-10 13:46:50.690,ES755-A2501,"CIRCUIT-BREAKER SCREW CONNECTION 2A
SIRIUS Circuit breaker
","1P3RV2011-1BA10",Siemens,1,SG/250923953779,false,
764,"4513657244",2025-11-10 13:46:47.522,2025-11-10 13:46:47.522,ES755-A2501,"CIRCUIT-BREAKER SCREW CONNECTION 2A
SIRIUS Circuit breaker
","1P3RV2011-1BA10",Siemens,1,SG/250923955778,false,
763,"4513657244",2025-11-10 13:46:42.753,2025-11-10 13:46:42.753,ES755-A2501,"CIRCUIT-BREAKER SCREW CONNECTION 2A
SIRIUS Circuit breaker
","1P3RV2011-1BA10",Siemens,1,SG/250923953791,false,
762,"4513657244",2025-11-10 13:46:36.974,2025-11-10 13:46:36.974,ES755-A2501,"CIRCUIT-BREAKER SCREW CONNECTION 2A
SIRIUS Circuit breaker
","1P3RV2011-1BA10",Siemens,1,SG/250923955782,false,
761,"4513657244",2025-11-10 13:46:31.618,2025-11-10 13:46:31.618,ES755-A2501,"CIRCUIT-BREAKER SCREW CONNECTION 2A
SIRIUS Circuit breaker
","1P3RV2011-1BA10",Siemens,1,SG/250923955779,false,
760,"4513657244",2025-11-10 13:46:27.037,2025-11-10 13:46:27.037,ES755-A2501,"CIRCUIT-BREAKER SCREW CONNECTION 2A
SIRIUS Circuit breaker
","1P3RV2011-1BA10",Siemens,1,SG/250923953784,false,
759,"4513657244",2025-11-10 13:44:52.557,2025-11-10 13:44:52.557,ES755-A2501,"CIRCUIT-BREAKER SCREW CONNECTION 2A
SIRIUS Circuit breaker
","1P3RV2011-1BA10",Siemens,1,SG/250923955787,false,
758,"4513657244",2025-11-10 13:44:43.296,2025-11-10 13:44:43.296,ES755-A2501,"CIRCUIT-BREAKER SCREW CONNECTION 2A
SIRIUS Circuit breaker
","1P3RV2011-1BA10",Siemens,1,SG/250923955783,false,
757,"4513657242",2025-11-10 11:16:06.014,2025-11-10 11:16:06.014,ES755-A2501,"","1P3WA1232-8AB33-4EQ0","",1,SOE/251002600137+3OP,false,
756,"4513657242",2025-11-10 11:15:53.556,2025-11-10 11:15:53.556,ES755-A2501,"","1P3WA1232-8AB33-4EQ0","",1,SOE/251002600157+3OP,false,
755,"4513657242",2025-11-10 11:15:43.203,2025-11-10 11:15:43.203,ES755-A2501,"","1P3WA1232-8AB33-4EQ0","",1,SOE/251002600182+3OP,false,
754,"4513657242",2025-11-10 11:15:28.762,2025-11-10 11:15:28.762,ES755-A2501,"","1P3WA1232-8AB33-4EQ0","",1,SOE/251002600126+3OP,false,
753,"4513657242",2025-11-10 11:15:10.638,2025-11-10 11:15:10.638,ES755-A2501,"","1P3WA1232-8AB33-4EQ0","",1,SOE/251002600109+3OP,false,
752,"4513657242",2025-11-10 11:14:59.585,2025-11-10 11:14:59.585,ES755-A2501,"","1P3WA1232-8AB33-4EQ0","",1,SOE/251002600100+3OP,false,
751,"4513657242",2025-11-10 11:14:47.904,2025-11-10 11:14:47.904,ES755-A2501,"","1P3WA1232-8AB33-4EQ0","",1,SOE/251001600121+3OP,false,
750,"4513657242",2025-11-10 11:14:33.208,2025-11-10 11:14:33.208,ES755-A2501,"","1P3WA1232-8AB33-4EQ0","",1,SOE/251002600089+3OP,false,
749,"4513657242",2025-11-10 11:14:19.638,2025-11-10 11:14:19.638,ES755-A2501,"","1P3WA1232-8AB33-0AA0","",1,SOE/251002600074+3OP,false,
748,"4513657242",2025-11-10 11:14:04.034,2025-11-10 11:14:04.034,ES755-A2501,"","1P3WA1232-8AB33-0AA0","",1,SOE/251002600147+3OP,false,
747,"4513657242",2025-11-10 11:13:53.977,2025-11-10 11:13:53.977,ES755-A2501,"","1P3WA1232-8AB33-4EQ0","",1,SOE/251001600122+3OP,false,
746,"4513657242",2025-11-10 11:13:34.918,2025-11-10 11:13:34.918,ES755-A2501,"","1P3WA1232-8AB33-4EQ0","",1,SOE/251002600115+3OP,false,
730,"4513623602",2025-11-05 09:21:15.379,2025-11-05 09:21:15.379,ES755-A2501,,"1P6SL3330-6TG41-7AA3",,1,ST-TO09700326,false,
729,"4513623602",2025-11-05 09:21:07.819,2025-11-05 09:21:07.819,ES755-A2501,,"1P6SL3330-6TG41-7AA3",,1,ST-TO09700353,false,
728,"4513623602",2025-11-05 09:20:02.797,2025-11-05 09:20:02.797,ES755-A2501,,"1P6SL3320-1TG38-1AA3",,1,ST-TO14701032,false,
727,"4513623602",2025-11-05 09:19:22.549,2025-11-05 09:19:22.549,ES755-A2501,,"1P6SL3320-1TG41-3AA3",,1,ST-TO13700426,false,
726,"4513623602",2025-11-05 09:19:10.716,2025-11-05 09:19:10.716,ES755-A2501,,"1P6SL3320-1TG38-1AA3",,1,ST-TO14701093,false,
723,"4513623602",2025-11-05 09:17:03.501,2025-11-05 09:17:03.501,ES755-A2501,,"1P6SL3320-1TG38-1AA3",,1,ST-T922700555,false,
722,"4513623602",2025-11-05 09:15:59.662,2025-11-05 09:15:59.662,ES755-A2501,,"1P6SL3330-6TG41-7AA3",,1,ST-TO09700332,false,
721,"4513623602",2025-11-05 09:15:24.914,2025-11-05 09:15:24.914,ES755-A2501,,"1P6SL3330-6TG41-7AA3",,1,ST-TO09700329,false,
720,"4513623602",2025-11-05 09:13:47.975,2025-11-05 09:13:47.975,ES755-A2501,,"1P6SL3320-1TG41-3AA3",,1,ST-T924700686,false,
719,"4513623602",2025-11-05 09:13:24.342,2025-11-05 09:13:24.342,ES755-A2501,,"1P6SL3320-1TG41-3AA3",,1,ST-TO09700356,false,
715,"4513623602",2025-11-05 09:11:23.757,2025-11-05 09:11:23.757,ES755-A2501,"SINAMICS G130
G130 CHASSIS
","1P6SL3310-1GH32-6AA3",Siemens,1,ST-TO14701897,false,
713,"4513623602",2025-11-05 09:09:48.182,2025-11-05 09:09:48.182,ES755-A2501,,"1P6SL3320-1TG41-0AA3",,1,ST-T919701195,false,
712,"4513623602",2025-11-05 09:09:39.936,2025-11-05 09:09:39.936,ES755-A2501,,"1P6SL3330-6TG41-7AA3",,1,ST-T929700591,false,
710,"4513623602",2025-11-05 09:09:13.298,2025-11-05 09:09:13.298,ES755-A2501,,"1P6SL3320-1TG41-0AA3",,1,ST-T923700484,false,
705,"4513623602",2025-11-05 09:07:40.995,2025-11-05 09:07:40.995,ES755-A2501,,"1P6SL3310-1GH32-6AA3",,1,ST-TO09700142,false,
704,"4513623602",2025-11-05 09:07:28.331,2025-11-05 09:07:28.331,ES755-A2501,,"1P6SL3310-1GH32-6AA3",,1,ST-TO14701895,false,
703,"4513623602",2025-11-05 09:07:12.031,2025-11-05 09:07:12.031,ES755-A2501,,"1P6SL3310-1GH32-6AA3",,1,ST-TO09700143,false,
702,"4513623602",2025-11-05 09:06:56.479,2025-11-05 09:06:56.479,ES755-A2501,,"1P6SL3310-1GH32-6AA3",,1,ST-TO14701892,false,
701,"4513623602",2025-11-05 09:06:46.545,2025-11-05 09:06:46.545,ES755-A2501,,"1P6SL3310-1GH32-6AA3",,1,ST-TO09700145,false,
700,"4513623602",2025-11-05 09:06:26.397,2025-11-05 09:06:26.397,ES755-A2501,,"1P6SL3310-1GH32-6AA3",,1,ST-TO10700063,false,
699,"4513623602",2025-11-05 09:06:09.843,2025-11-05 09:06:09.843,ES755-A2501,,"1P6SL3310-1GH32-6AA3",,1,ST-TO10700064,false,
698,"4513623602",2025-11-05 09:05:58.603,2025-11-05 09:05:58.603,ES755-A2501,,"1P6SL3310-1GH32-6AA3",,1,ST-TO10700065,false,
697,"4513623602",2025-11-05 09:05:41.772,2025-11-05 09:05:41.772,ES755-A2501,,"1P6SL3310-1GH32-6AA3",,1,ST-TO14701893,false,
696,PO4556,2025-11-05 08:58:08.534,2025-11-05 08:58:08.534,ES755-A2501,,ILEC-JP-614-4000,,1,"251023115",false,
693,PO4556,2025-11-04 16:44:00.327,2025-11-04 16:44:00.327,ES755-A2501,,ILEC-JP-614-4000,,1,"251023117",false,
692,PO4556,2025-11-04 16:43:43.020,2025-11-04 16:43:43.020,ES755-A2501,,ILEC-JP-614-4000,,1,"251023105",false,
691,PO4556,2025-11-04 16:43:11.168,2025-11-04 16:43:11.168,ES755-A2501,"",ILEC-JP-614-4000,"",1,"251023145",false,
690,PO4556,2025-11-04 16:42:47.706,2025-11-04 16:42:47.706,ES755-A2501,,ILEC-JP-614-4000,,1,"251023123",false,
689,PO4556,2025-11-04 16:42:27.527,2025-11-04 16:42:27.527,ES755-A2501,,ILEC-JP-614-4000,,1,"251023104",false,
688,PO4556,2025-11-04 16:42:02.624,2025-11-04 16:42:02.624,ES755-A2501,,ILEC-JP-614-4000,,1,"251023129",false,
687,PO4556,2025-11-04 16:41:46.240,2025-11-04 16:41:46.240,ES755-A2501,,ILEC-JP-614-4000,,1,"251023132",false,
686,PO4556,2025-11-04 16:41:30.314,2025-11-04 16:41:30.314,ES755-A2501,,ILEC-JP-614-4000,,1,"251023126",false,
685,PO4556,2025-11-04 16:41:07.074,2025-11-04 16:41:07.074,ES755-A2501,,ILEC-JP-614-4000,,1,"21023120",false,
684,PO4556,2025-11-04 16:40:33.429,2025-11-04 16:40:33.429,ES755-A2501,,ILEC-JP-614-4000,,1,"251023144",false,
683,PO4556,2025-11-04 16:40:13.260,2025-11-04 16:40:13.260,ES755-A2501,,ILEC-JP-614-4000,,1,"251023143",false,
682,PO4556,2025-11-04 16:39:58.294,2025-11-04 16:39:58.294,ES755-A2501,,ILEC-JP-614-4000,,1,"251023110",false,
681,PO4556,2025-11-04 16:39:29.150,2025-11-04 16:39:29.150,ES755-A2501,,ILEC-JP-614-4000,,1,"251023106",false,
680,PO4556,2025-11-04 16:39:09.730,2025-11-04 16:39:09.730,ES755-A2501,,ILEC-JP-614-4000,,1,"251023139",false,
679,PO4556,2025-11-04 16:38:37.790,2025-11-04 16:38:37.790,ES755-A2501,,ILEC-JP-614-4000,,1,"251023128",false,
678,PO4556,2025-11-04 16:38:18.949,2025-11-04 16:38:18.949,ES755-A2501,,ILEC-JP-614-4000,,1,"251023141",false,
677,PO4556,2025-11-04 16:38:03.647,2025-11-04 16:38:03.647,ES755-A2501,,ILEC-JP-614-4000,,1,"251023136",false,
676,PO4556,2025-11-04 16:37:25.087,2025-11-04 16:37:25.087,ES755-A2501,,ILEC-JP-614-4000,,1,"251023111",false,
675,PO4556,2025-11-04 16:36:24.476,2025-11-04 16:36:24.476,ES755-A2501,,ILEC-JP-614-4000,,1,"251023147",false,
674,PO4556,2025-11-04 16:36:06.058,2025-11-04 16:36:06.058,ES755-A2501,,ILEC-JP-614-4000,,1,"251023131",false,
673,PO4556,2025-11-04 16:35:32.264,2025-11-04 16:35:32.264,ES755-A2501,,ILEC-JP-614-4000,,1,"251023112",false,
672,PO4556,2025-11-04 16:35:17.683,2025-11-04 16:35:17.683,ES755-A2501,,ILEC-JP-614-4000,,1,"251023142",false,
671,PO4556,2025-11-04 16:35:00.140,2025-11-04 16:35:00.140,ES755-A2501,,ILEC-JP-614-4000,,1,"251023116",false,
670,PO4556,2025-11-04 16:34:28.631,2025-11-04 16:34:28.631,ES755-A2501,,ILEC-JP-614-4000,,1,"251023108",false,
669,PO4556,2025-11-04 16:33:48.898,2025-11-04 16:33:48.898,ES755-A2501,,ILEC-JP-614-4000,,1,"251023121",false,
668,PO4556,2025-11-04 16:33:29.763,2025-11-04 16:33:29.763,ES755-A2501,,ILEC-JP-614-4000,,1,"251023101",false,
667,PO4556,2025-11-04 16:33:02.274,2025-11-04 16:33:02.274,ES755-A2501,,ILEC-JP-614-4000,,1,"251023135",false,
666,PO4556,2025-11-04 16:32:43.587,2025-11-04 16:32:43.587,ES755-A2501,,ILEC-JP-614-4000,,1,"251023102",false,
665,PO4556,2025-11-04 16:32:20.194,2025-11-04 16:32:20.194,ES755-A2501,,ILEC-JP-614-4000,,1,"251023148",false,
664,PO4556,2025-11-04 16:31:53.605,2025-11-04 16:31:53.605,ES755-A2501,,ILEC-JP-614-4000,,1,"251023103",false,
663,PO4556,2025-11-04 16:31:34.408,2025-11-04 16:31:34.408,ES755-A2501,,ILEC-JP-614-4000,,1,"251023125",false,
662,PO4556,2025-11-04 16:31:06.247,2025-11-04 16:31:06.247,ES755-A2501,,ILEC-JP-614-4000,,1,"251023107",false,
661,PO4556,2025-11-04 16:30:42.262,2025-11-04 16:30:42.262,ES755-A2501,,ILEC-JP-614-4000,,1,"251023137",false,
660,PO4556,2025-11-04 16:30:25.914,2025-11-04 16:30:25.914,ES755-A2501,,ILEC-JP-614-4000,,1,"251023133",false,
659,PO4556,2025-11-04 16:29:56.601,2025-11-04 16:29:56.601,ES755-A2501,,ILEC-JP-614-4000,,1,"251023146",false,
658,PO4556,2025-11-04 16:29:30.827,2025-11-04 16:29:30.827,ES755-A2501,,ILEC-JP-614-4000,,1,"251023122",false,
657,PO4556,2025-11-04 16:29:12.698,2025-11-04 16:29:12.698,ES755-A2501,,ILEC-JP-614-4000,,1,"251023134",false,
656,PO4556,2025-11-04 16:28:53.134,2025-11-04 16:28:53.134,ES755-A2501,,ILEC-JP-614-4000,,1,"251023140",false,
655,PO4556,2025-11-04 16:28:01.869,2025-11-04 16:28:01.869,ES755-A2501,"",ILEC-JP-614-4000,"",1,"251023109",false,
654,PO4556,2025-11-04 16:27:26.540,2025-11-04 16:27:26.540,ES755-A2501,,ILEC-JP-614-4000,,1,"251023124",false,
653,PO4556,2025-11-04 16:27:04.216,2025-11-04 16:27:04.216,ES755-A2501,,ILEC-JP-614-4000,,1,"251023138",false,
652,PO4556,2025-11-04 16:25:14.919,2025-11-04 16:25:14.919,ES755-A2501,,ILEC-JP-614-4000,,1,"251023119",false,
651,PO4556,2025-11-04 16:24:47.730,2025-11-04 16:24:47.730,ES755-A2501,,ILEC-JP-614-4000,,1,"251023114",false,
650,PO4556,2025-11-04 16:24:09.943,2025-11-04 16:24:09.943,ES755-A2501,,ILEC-JP-614-4000,,1,"251023118",false,
649,PO4556,2025-11-04 16:23:30.277,2025-11-04 16:23:30.277,ES755-A2501,,ILEC-JP-614-4000,,1,"251023113",false,
648,PO4556,2025-11-04 16:22:01.770,2025-11-04 16:22:01.770,ES755-A2501,,ILEC-JP-614-4000,,1,"251023130",false,
647,PO4556,2025-11-04 16:20:28.696,2025-11-04 16:20:28.696,ES755-A2501,,ILEC-JP-614-4000,,1,"251023127",false,
638,"4513626302",2025-11-04 15:17:12.348,2025-11-04 15:17:12.348,ES755-A2501,,"1P6SL3000-0CH32-7AA0",,1,SJTA25462589001,false,
632,"4513626302",2025-11-04 14:39:56.983,2025-11-04 14:39:56.983,ES755-A2501,,"1P6SL3000-0CH32-7AA0",,1,SJTA25462589011,false,
631,"4513626302",2025-11-04 14:39:51.152,2025-11-04 14:39:51.152,ES755-A2501,,"1P6SL3000-0CH32-7AA0",,1,SJTA25462589006,false,
627,"4513626302",2025-11-04 14:39:32.492,2025-11-04 14:39:32.492,ES755-A2501,,"1P6SL3000-0CH32-7AA0",,1,SJTA25462589007,false,
619,"4513626302",2025-11-04 13:54:10.644,2025-11-04 13:54:10.644,ES755-A2501,"SINAMICS LINE REACTOR 660-690V 270A
SINAMICS
","1P6SL3000-0CH32-7AA0",Siemens,1,SJTA25462589019,false,
618,"4513626302",2025-11-04 13:53:42.674,2025-11-04 13:53:42.674,ES755-A2501,"SINAMICS LINE REACTOR 660-690V 270A
SINAMICS
","1P6SL3000-0CH32-7AA0",Siemens,1,SJTA25462589008,false,
617,"4513626302",2025-11-04 13:52:38.473,2025-11-04 13:52:38.473,ES755-A2501,"SINAMICS LINE REACTOR 660-690V 270A
SINAMICS
","1P6SL3000-0CH32-7AA0",Siemens,1,SJTA25462589017,false,
616,"4513626302",2025-11-04 13:51:18.526,2025-11-04 13:51:18.526,ES755-A2501,"SINAMICS LINE REACTOR 660-690V 270A
SINAMICS
","1P6SL3000-0CH32-7AA0",Siemens,1,SJTA25462589022,false,
615,"4513626302",2025-11-04 13:50:46.607,2025-11-04 13:50:46.607,ES755-A2501,"SINAMICS LINE REACTOR 660-690V 270A
SINAMICS
","1P6SL3000-0CH32-7AA0",Siemens,1,SJTA25462589009,false,
614,"4513626302",2025-11-04 13:49:53.695,2025-11-04 13:49:53.695,ES755-A2501,,"1P6SL3000-0CH32-7AA0",,1,SJTA25462589005,false,
613,"4513626302",2025-11-04 13:48:53.655,2025-11-04 13:48:53.655,ES755-A2501,"SINAMICS LINE REACTOR 660-690V 270A
SINAMICS
","1P6SL3000-0CH32-7AA0",Siemens,1,SJTA25462589002,false,
612,"4513626302",2025-11-04 13:47:39.294,2025-11-04 13:47:39.294,ES755-A2501,,"1P6SL3000-0CH32-7AA0",,1,SJTA25462589014,false,
611,"4513626302",2025-11-04 13:46:44.244,2025-11-04 13:46:44.244,ES755-A2501,"SINAMICS LINE REACTOR 660-690V 270A
SINAMICS
","1P6SL3000-0CH32-7AA0",Siemens,1,SJTA25462589020,false,
610,"4513626302",2025-11-04 13:46:11.440,2025-11-04 13:46:11.440,ES755-A2501,"SINAMICS LINE REACTOR 660-690V 270A
SINAMICS
","1P6SL3000-0CH32-7AA0",Siemens,1,SJTA25462589004,false,
609,"4513626302",2025-11-04 13:45:56.790,2025-11-04 13:45:56.790,ES755-A2501,"SINAMICS LINE REACTOR 660-690V 270A
SINAMICS
","1P6SL3000-0CH32-7AA0",Siemens,1,SJTA25462589016,false,
608,"4513626302",2025-11-04 13:45:50.405,2025-11-04 13:45:50.405,ES755-A2501,"SINAMICS LINE REACTOR 660-690V 270A
SINAMICS
","1P6SL3000-0CH32-7AA0",Siemens,1,SJTA25462589015,false,
607,"4513626302",2025-11-04 13:45:40.202,2025-11-04 13:45:40.202,ES755-A2501,"SINAMICS LINE REACTOR 660-690V 270A
SINAMICS
","1P6SL3000-0CH32-7AA0",Siemens,1,SJTA25462589013,false,
606,"4513626302",2025-11-04 13:45:20.182,2025-11-04 13:45:20.182,ES755-A2501,"SINAMICS LINE REACTOR 660-690V 270A
SINAMICS
","1P6SL3000-0CH32-7AA0",Siemens,1,SJTA25462589010,false,
605,"4513626302",2025-11-04 13:45:10.856,2025-11-04 13:45:10.856,ES755-A2501,"SINAMICS LINE REACTOR 660-690V 270A
SINAMICS
","1P6SL3000-0CH32-7AA0",Siemens,1,SJTA25462589021,false,
604,"4513626302",2025-11-04 13:45:03.844,2025-11-04 13:45:03.844,ES755-A2501,"SINAMICS LINE REACTOR 660-690V 270A
SINAMICS
","1P6SL3000-0CH32-7AA0",Siemens,1,SJTA25462589003,false,
603,"4513626302",2025-11-04 13:44:48.877,2025-11-04 13:44:48.877,ES755-A2501,"SINAMICS LINE REACTOR 660-690V 270A
SINAMICS
","1P6SL3000-0CH32-7AA0",Siemens,1,SJTA25462589012,false,
602,"4513626302",2025-11-04 13:43:57.164,2025-11-04 13:43:57.164,ES755-A2501,"SINAMICS LINE REACTOR 660-690V 270A
SINAMICS
","1P6SL3000-0CH32-7AA0",Siemens,1,SJTA25462589018,false,
600,"4513626302",2025-11-04 13:31:58.286,2025-11-04 13:31:58.286,ES755-A2501,,"1P6SL3353-1AG41-7FA0",,1,ST-TO10100047,false,
599,"4513626302",2025-11-04 13:31:28.984,2025-11-04 13:31:28.984,ES755-A2501,,"1P6SL3353-1AG41-7FA0",,1,ST-TO10100063,false,
598,"4513626302",2025-11-04 13:31:14.847,2025-11-04 13:31:14.847,ES755-A2501,,"1P6SL3352-1AG41-0FA1",,1,ST-T929100158,false,
597,"4513626302",2025-11-04 13:30:46.266,2025-11-04 13:30:46.266,ES755-A2501,,"1P6SL3352-1AG38-1FA1",,1,ST-T923100007,false,
596,"4513626302",2025-11-04 13:29:58.897,2025-11-04 13:29:58.897,ES755-A2501,,"1P6SL3320-1TG35-8AA3",,1,ST-T919701208,false,
588,"4513626302",2025-11-04 11:30:06.632,2025-11-04 11:30:06.632,ES755-A2501,,"1P6SL3310-1GH32-6AA3",,1,ST-TO09700144,false,
582,"4513626302",2025-11-04 11:28:49.134,2025-11-04 11:28:49.134,ES755-A2501,,"1P6SL3320-1TG38-1AA3",,1,ST-T919701180,false,
581,"4513626302",2025-11-04 11:28:40.381,2025-11-04 11:28:40.381,ES755-A2501,,"1P6SL3330-6TG41-7AA3",,1,ST-T925700317,false,
580,"4513626302",2025-11-04 11:27:30.113,2025-11-04 11:27:30.113,ES755-A2501,,"1P6SL3330-6TG41-7AA3",,1,ST-T925700322,false,
578,"4513626302",2025-11-04 11:26:47.298,2025-11-04 11:26:47.298,ES755-A2501,,"1P6SL3330-6TG41-7AA3",,1,ST-T929700591,false,
576,"4513626302",2025-11-04 11:26:11.434,2025-11-04 11:26:11.434,ES755-A2501,,"1P6SL3320-1TG41-0AA3",,1,ST-T919701195,false,
575,"4513626302",2025-11-04 11:25:56.331,2025-11-04 11:25:56.331,ES755-A2501,,"1P6SL3320-1TG38-1AA3",,1,ST-T923700487,false,
574,"4513626302",2025-11-04 11:25:40.381,2025-11-04 11:25:40.381,ES755-A2501,,"1P6SL3352-1AG41-0FA1",,1,ST-T923100121,false,
569,"4513626302",2025-11-04 11:09:48.572,2025-11-04 11:09:48.572,ES755-A2501,,"1P6SL3353-1AG41-7FA0",,1,ST-TO10100175,false,
568,"4513626302",2025-11-04 11:09:34.507,2025-11-04 11:09:34.507,ES755-A2501,,"1P6SL3352-1AG38-1FA1",,1,ST-TO14100241,false,
567,"4513626302",2025-11-04 11:05:27.056,2025-11-04 11:05:27.056,ES755-A2501,,"1P6SL3320-1TG41-3AA3",,1,ST-TO13700426,false,
565,"4513626302",2025-11-04 11:03:40.025,2025-11-04 11:03:40.025,ES755-A2501,,"1P6SL3320-1TG35-8AA3",,1,ST-T919701210,false,
563,"4513657245",2025-11-04 10:29:50.786,2025-11-04 10:29:50.786,ES755-A2501,,AC2510081119|3KF43402LF11,,1,AC2510081119|3KF43402LF11,false,
562,"4513657245",2025-11-04 10:28:42.807,2025-11-04 10:28:42.807,ES755-A2501,,AC2510081139|3KF43402LF11,,1,AC2510081139|3KF43402LF11,false,
561,"4513657245",2025-11-04 10:27:16.218,2025-11-04 10:27:16.218,ES755-A2501,,AC2510081123|3KF43402LF11,,1,AC2510081123|3KF43402LF11,false,
560,"4513657245",2025-11-04 10:25:55.291,2025-11-04 10:25:55.291,ES755-A2501,,AC2510081130|3KF43402LF11,,1,AC2510081130|3KF43402LF11,false,
559,"4513657245",2025-11-04 10:24:26.604,2025-11-04 10:24:26.604,ES755-A2501,,AC2510081121|3KF43402LF11,,1,AC2510081121|3KF43402LF11,false,
558,"4513657245",2025-11-04 10:23:16.461,2025-11-04 10:23:16.461,ES755-A2501,,AC2510081126|3KF43402LF11,,1,AC2510081126|3KF43402LF11,false,
557,"4513657245",2025-11-04 10:22:10.524,2025-11-04 10:22:10.524,ES755-A2501,,AC2510081136|3KF43402LF11,,1,AC2510081136|3KF43402LF11,false,
556,"4513657245",2025-11-04 10:20:54.453,2025-11-04 10:20:54.453,ES755-A2501,,AC2510081125|3KF43402LF11,,1,AC2510081125|3KF43402LF11,false,
555,"4513657245",2025-11-04 10:19:36.357,2025-11-04 10:19:36.357,ES755-A2501,,AC2510081140|3KF43402LF11,,1,AC2510081140|3KF43402LF11,false,
554,"4513657245",2025-11-04 10:18:25.818,2025-11-04 10:18:25.818,ES755-A2501,,AC2510081132|3KF43402LF11,,1,AC2510081132|3KF43402LF11,false,
553,"4513657245",2025-11-04 10:16:53.257,2025-11-04 10:16:53.257,ES755-A2501,,AC2510081128|3KF43402LF11,,1,AC2510081128|3KF43402LF11,false,
552,"4513657245",2025-11-04 10:15:42.493,2025-11-04 10:15:42.493,ES755-A2501,,AC2510081137|3KF43402LF11,,1,AC2510081137|3KF43402LF11,false,
551,"4513657245",2025-11-04 10:14:37.965,2025-11-04 10:14:37.965,ES755-A2501,,AC2510081134|3KF43402LF11,,1,AC2510081134|3KF43402LF11,false,
550,"4513657245",2025-11-04 10:13:34.555,2025-11-04 10:13:34.555,ES755-A2501,,AC2510081127|3KF43402LF11,,1,AC2510081127|3KF43402LF11,false,
549,"4513657245",2025-11-04 10:12:30.549,2025-11-04 10:12:30.549,ES755-A2501,,AC2510081122|3KF43402LF11,,1,AC2510081122|3KF43402LF11,false,
548,"4513657245",2025-11-04 10:11:12.777,2025-11-04 10:11:12.777,ES755-A2501,,AC2510081138|3KF43402LF11,,1,AC2510081138|3KF43402LF11,false,
547,"4513657245",2025-11-04 10:10:06.467,2025-11-04 10:10:06.467,ES755-A2501,,AC2510081120|3KF43402LF11,,1,AC2510081120|3KF43402LF11,false,
546,"4513657245",2025-11-04 10:08:07.145,2025-11-04 10:08:07.145,ES755-A2501,,AC2510081133|3KF43402LF11,,1,AC2510081133|3KF43402LF11,false,
545,"4513657245",2025-11-04 10:06:50.548,2025-11-04 10:06:50.548,ES755-A2501,,AC2510081129|3KF43402LF11,,1,AC2510081129|3KF43402LF11,false,
544,"4513657245",2025-11-04 10:05:42.302,2025-11-04 10:05:42.302,ES755-A2501,,AC2510081124|3KF43402LF11,,1,AC2510081124|3KF43402LF11,false,
543,"4513657245",2025-11-04 10:04:40.837,2025-11-04 10:04:40.837,ES755-A2501,,AC2510081135|3KF43402LF11,,1,AC2510081135|3KF43402LF11,false,
542,"4513657245",2025-11-04 10:02:58.978,2025-11-04 10:02:58.978,ES755-A2501,,AC2510081131|3KF43402LF11,,1,AC2510081131|3KF43402LF11,false,
541,"4513657245",2025-11-04 10:02:21.771,2025-11-04 10:02:21.771,ES755-A2501,,"3KF5363-0MF11",,1,"",false,
540,"4513657245",2025-11-04 09:46:33.148,2025-11-04 09:46:33.148,ES755-A2501,,AC2510081119,,1,AC2510081119,false,
539,"4513657245",2025-11-04 09:40:54.788,2025-11-04 09:40:54.788,ES755-A2501,,AC2510071051,,1,AC2510071051,false,
538,"4513657245",2025-11-04 09:35:26.467,2025-11-04 09:35:26.467,ES755-A2501,,"1P3VA1132-5EE32-0AA0",,1,SAC/250930000272,false,
537,"4513657245",2025-11-04 09:34:47.976,2025-11-04 09:34:47.976,ES755-A2501,,"1P3VA1116-5EE32-0AA0",,1,SAC/250929000291,false,
536,"4513657245",2025-11-04 09:33:49.866,2025-11-04 09:33:49.866,ES755-A2501,,"1P3VA1110-5EE32-0AA0",,1,SAC/250929001309,false,
535,"4513657245",2025-11-04 09:32:59.776,2025-11-04 09:32:59.776,ES755-A2501,,"1P3VA1163-5EE32-0AA0",,1,SAC/250929001306,false,
534,"4513657245",2025-11-04 09:31:42.204,2025-11-04 09:31:42.204,ES755-A2501,,AC2509301090|3KF23122LF11,,1,AC2509301090|3KF23122LF11,false,
533,"4513657245",2025-11-04 09:30:17.223,2025-11-04 09:30:17.223,ES755-A2501,,AC2509301089|3KF23122LF11,,1,AC2509301089|3KF23122LF11,false,
532,"4513657245",2025-11-04 09:28:52.346,2025-11-04 09:28:52.346,ES755-A2501,,AC2509301095|3KF23122LF11,,1,AC2509301095|3KF23122LF11,false,
531,"4513657245",2025-11-04 09:25:44.084,2025-11-04 09:25:44.084,ES755-A2501,,AC2509301093|3KF23122LF11,,1,AC2509301093|3KF23122LF11,false,
530,"4513657245",2025-11-04 09:24:00.789,2025-11-04 09:24:00.789,ES755-A2501,,AC2509301094|3KF23122LF11,,1,AC2509301094|3KF23122LF11,false,
529,"4513657245",2025-11-04 09:20:26.733,2025-11-04 09:20:26.733,ES755-A2501,,AC2509301088|3KF23122LF11,,1,AC2509301088|3KF23122LF11,false,
528,"4513657245",2025-11-04 09:18:41.825,2025-11-04 09:18:41.825,ES755-A2501,,AC2509301084|3KF23122LF11,,1,AC2509301084|3KF23122LF11,false,
527,"4513657245",2025-11-04 09:16:26.152,2025-11-04 09:16:26.152,ES755-A2501,,AC2509301091|3KF23122LF11,,1,AC2509301091|3KF23122LF11,false,
526,"4513657245",2025-11-04 09:14:52.316,2025-11-04 09:14:52.316,ES755-A2501,,AC2509301092|3KF23122LF11,,1,AC2509301092|3KF23122LF11,false,
524,"4513657245",2025-11-04 09:07:31.398,2025-11-04 09:07:31.398,ES755-A2501,,AC2509301085|3KF23122LF11,,1,AC2509301085|3KF23122LF11,false,
523,"4513657245",2025-11-04 09:04:06.539,2025-11-04 09:04:06.539,ES755-A2501,,AC2509301086|3KF23122LF11,,1,AC2509301086|3KF23122LF11,false,
522,"4513657245",2025-11-04 09:02:55.586,2025-11-04 09:02:55.586,ES755-A2501,,AC2509301087|3KF23122LF11,,1,AC2509301087|3KF23122LF11,false,
521,"4513657245",2025-11-04 08:59:16.594,2025-11-04 08:59:16.594,ES755-A2501,,"1P3VA1112-5EE32-0AA0",,1,SAC/250929001163,false,
513,"4513657244",2025-10-31 15:24:11.620,2025-10-31 15:24:11.620,ES755-A2501,"","1P3WA1232-8AB33-0AA0","",1,"3OP",false,
508,"4513657244",2025-10-31 15:21:27.606,2025-10-31 15:21:27.606,ES755-A2501,"","1P3WA1232-8AB33-4EQ0","",1,"3OP",false,
504,"4513657244",2025-10-31 15:00:17.679,2025-10-31 15:00:17.679,ES755-A2501,,"3NA3372",,1,"",false,
500,"4513657244",2025-10-31 14:49:04.634,2025-10-31 14:49:04.634,ES755-A2501,,"1P3SU1400-1AA10-1FA0",,1,"1TG/250908",false,
492,"4513657244",2025-10-31 14:27:17.469,2025-10-31 14:27:17.469,ES755-A2501,,"1P5SY6102-7",,1,"1TGWR/251007",false,
491,"4513657244",2025-10-31 14:26:56.018,2025-10-31 14:26:56.018,ES755-A2501,,"1P5SY6202-7",,1,"1TGWR/250929",false,
489,"4513657244",2025-10-31 14:21:52.342,2025-10-31 14:21:52.342,ES755-A2501,,"1P5SY6204-7",,1,"1TGWR/251007",false,
488,"4513657244",2025-10-31 14:10:57.924,2025-10-31 14:10:57.924,ES755-A2501,,"1P3NP1133-1CA10",,1,"1P3NP1133-1CA10",false,
485,"4513684951",2025-10-31 13:53:41.045,2025-10-31 13:53:41.045,ES755-A2501,"SENTRON MINIATURE CIRCUIT BREAKER

6A","1P5SY6106-7",Siemens,1,"1TGWR/251002",false,
483,"4513657244",2025-10-31 13:47:36.181,2025-10-31 13:47:36.181,ES755-A2501,,"1P3RT2027-1BB40",,1,"1TG/250911",false,
481,"4513657244",2025-10-31 13:46:17.316,2025-10-31 13:46:17.316,ES755-A2501,,"1P3RT2017-1BB41",,1,"1TG/251006",false,
475,"4513657244",2025-10-31 13:21:01.529,2025-10-31 13:21:01.529,ES755-A2501,"CIRCUIT-BREAKER, SCREW CONNECTION 3,2A
SZ.S00; 1NO+1NC
2,2-3,2A","1P3RV2011-1DA15",Siemens,1,"1TG/250924",false,
473,"4513657244",2025-10-31 13:15:45.855,2025-10-31 13:15:45.855,ES755-A2501,"CIRCUIT-BREAKER SCREW CONNECTION 16A
SIRIUS Circuit breaker
","1P3RV2011-4AA10",Siemens,1,"1TG/250916",false,
466,"4513657244",2025-10-31 11:40:42.176,2025-10-31 11:40:42.176,ES755-A2501,,"1P3RV2021-4EA10",,1,"1TG/250919",false,
465,"4513657244",2025-10-31 11:40:07.103,2025-10-31 11:40:07.103,ES755-A2501,,"1P3RV2011-1EA10",,1,"1TG/250904",false,
460,"4513657244",2025-10-31 11:38:20.925,2025-10-31 11:38:20.925,ES755-A2501,"","1P3RV2011-1KA10","",1,"1TG/250912",false,
454,"4513657244",2025-10-31 11:23:26.695,2025-10-31 11:23:26.695,ES755-A2501,,"1P3RV2011-1DA10",,1,"1TG/250917",false,
440,"4513656966",2025-10-31 10:47:37.952,2025-10-31 10:47:37.952,ES755-A2501,,"1P7KM3220-0BA01-1DA0-Z",,1,SLQN/250619830699,false,
439,"4513656966",2025-10-31 10:47:30.824,2025-10-31 10:47:30.824,ES755-A2501,,"1P7KM3220-0BA01-1DA0-Z",,1,SLQN/250707831013,false,
438,"4513656966",2025-10-31 10:47:24.522,2025-10-31 10:47:24.522,ES755-A2501,,"1P7KM3220-0BA01-1DA0-Z",,1,SLQN/250707831010,false,
437,"4513656966",2025-10-31 10:47:16.826,2025-10-31 10:47:16.826,ES755-A2501,,"1P7KM3220-0BA01-1DA0-Z",,1,SLQN/250706830609,false,
436,"4513656966",2025-10-31 10:47:05.367,2025-10-31 10:47:05.367,ES755-A2501,,"1P7KM3220-0BA01-1DA0-Z",,1,SLQN/250707830925,false,
435,"4513656966",2025-10-31 10:46:51.917,2025-10-31 10:46:51.917,ES755-A2501,,"1P7KM3220-0BA01-1DA0-Z",,1,SLQN/250626830825,false,
434,"4513656966",2025-10-31 10:46:42.705,2025-10-31 10:46:42.705,ES755-A2501,,"1P7KM3220-0BA01-1DA0-Z",,1,SLQN/250619830631,false,
433,"4513656966",2025-10-31 10:46:19.184,2025-10-31 10:46:19.184,ES755-A2501,,"1P7KM3220-0BA01-1DA0-Z",,1,SLQN/250619830700,false,
432,"4513656966",2025-10-31 10:46:09.383,2025-10-31 10:46:09.383,ES755-A2501,,"1P7KM3220-0BA01-1DA0-Z",,1,SLQN/250619830807,false,
431,"4513656966",2025-10-31 10:45:45.727,2025-10-31 10:45:45.727,ES755-A2501,,"1P7KM3220-0BA01-1DA0-Z",,1,SLQN/250706830624,false,
430,"4513656966",2025-10-31 10:43:33.407,2025-10-31 10:43:33.407,ES755-A2501,,"1P7KM3220-0BA01-1DA0-Z",,1,SLQN/250619830620,false,
429,"4513656966",2025-10-31 10:43:22.304,2025-10-31 10:43:22.304,ES755-A2501,,"1P7KM3220-0BA01-1DA0-Z",,1,SLQN/250619830641,false,
428,"4513656966",2025-10-31 10:41:24.766,2025-10-31 10:41:24.766,ES755-A2501,,"1P7KM3220-0BA01-1DA0-Z",,1,SLQN/250626831000,false,
427,"4513656966",2025-10-31 10:41:15.852,2025-10-31 10:41:15.852,ES755-A2501,,"1P7KM3220-0BA01-1DA0-Z",,1,SLQN/250626831114,false,
426,PO4215,2025-10-29 15:58:14.376,2025-10-29 15:58:14.376,ES755-A2501,,B91067010,,1,"3500012398/B91067010",false,
424,PO4215,2025-10-29 15:50:55.080,2025-10-29 15:50:55.080,ES755-A2501,,B91067010,,1,"3500012087/B91067010",false,
423,PO4215,2025-10-29 15:50:03.936,2025-10-29 15:50:03.936,ES755-A2501,,B91067010,,1,"3500012324/B91067010",false,
422,PO4215,2025-10-29 15:49:22.855,2025-10-29 15:49:22.855,ES755-A2501,,B91067010,,1,"3500012351/B91067010",false,
421,PO4215,2025-10-29 15:48:44.558,2025-10-29 15:48:44.558,ES755-A2501,,B91067010,,1,"3500011793/B91067010",false,
420,PO4215,2025-10-29 15:47:14.380,2025-10-29 15:47:14.380,ES755-A2501,,B91067010,,1,"3500011904/B91067010",false,
419,PO4215,2025-10-29 15:45:20.546,2025-10-29 15:45:20.546,ES755-A2501,,B91067010,,1,"3500011796/B91067010",false,
418,PO4215,2025-10-29 15:44:09.514,2025-10-29 15:44:09.514,ES755-A2501,,B91067010,,1,"3500012394/B91067010",false,
411,PO4290,2025-10-25 10:47:13.692,2025-10-25 10:47:13.692,ES755-A2501,"","1110494-01","",1,"228372349",false,
410,PO4290,2025-10-25 10:46:29.513,2025-10-25 10:46:29.513,ES755-A2501,"","1110494-01","",1,"228372348",false,
409,PO4407,2025-10-25 10:39:06.546,2025-10-25 10:39:06.546,ES755-A2501,,BTA2-1P-500VA(69/22),,1,KT: NP A2-5-1P-251013-08,false,
408,PO4407,2025-10-25 10:38:59.788,2025-10-25 10:38:59.788,ES755-A2501,,BTA2-1P-500VA(69/22),,1,KT: NP A2-5-1P-251013-04,false,
407,PO4407,2025-10-25 10:38:51.142,2025-10-25 10:38:51.142,ES755-A2501,,BTA2-1P-500VA(69/22),,1,KT: NP A2-5-1P-251013-05,false,
406,PO4407,2025-10-25 10:38:43.496,2025-10-25 10:38:43.496,ES755-A2501,,BTA2-1P-500VA(69/22),,1,KT: NP A2-5-1P-251013-12,false,
405,PO4407,2025-10-25 10:38:25.998,2025-10-25 10:38:25.998,ES755-A2501,,BTA2-1P-500VA(69/22),,1,KT: NP A2-5-1P-251013-09,false,
404,PO4407,2025-10-25 10:38:13.692,2025-10-25 10:38:13.692,ES755-A2501,,BTA2-1P-500VA(69/22),,1,KT: NP A2-5-1P-251013-03,false,
403,PO4407,2025-10-25 10:37:58.817,2025-10-25 10:37:58.817,ES755-A2501,,BTA2-1P-500VA(69/22),,1,KT: NP A2-5-1P-251013-06,false,
402,PO4407,2025-10-25 10:37:29.515,2025-10-25 10:37:29.515,ES755-A2501,,BTA2-1P-500VA(69/22),,1,KT: NP A2-5-1P-251013-01,false,
401,PO4407,2025-10-25 10:36:49.304,2025-10-25 10:36:49.304,ES755-A2501,,BTA2-1P-500VA(69/22),,1,KT: NP A2-5-1P-251013-02,false,
399,PO4407,2025-10-25 10:34:55.894,2025-10-25 10:34:55.894,ES755-A2501,,BTA2-1P-500VA(69/22),,1,KT: NP A2-5-1P-251013-14,false,
398,PO4407,2025-10-25 10:34:49.235,2025-10-25 10:34:49.235,ES755-A2501,,BTA2-1P-500VA(69/22),,1,KT: NP A2-5-1P-251013-11,false,
397,PO4407,2025-10-25 10:32:54.298,2025-10-25 10:32:54.298,ES755-A2501,,BTA2-1P-500VA(69/22),,1,KT: NP A2-5-1P-251013-07,false,
396,PO4407,2025-10-25 10:32:13.768,2025-10-25 10:32:13.768,ES755-A2501,,BTA2-1P-500VA(69/22),,1,KT: NP A2-5-1P-251013-13,false,
395,PO4407,2025-10-25 10:30:53.366,2025-10-25 10:30:53.366,ES755-A2501,,BTA2-1P-500VA(69/22),,1,KT: NP A2-5-1P-251013-10,false,
386,"4513626302",2025-10-24 17:03:52.850,2025-10-24 17:03:52.850,ES755-A2501,"","1P6GK59921AG008AA0","",1,SVPT8445577,false,
385,"4513626302",2025-10-24 17:03:18.022,2025-10-24 17:03:18.022,ES755-A2501,"","1P6GK59921AG008AA0","",1,SVPT8445754,false,
384,"4513626302",2025-10-24 17:02:31.433,2025-10-24 17:02:31.433,ES755-A2501,"","1P6GK59921AG008AA0","",1,SVPT8445522,false,
383,"4513626302",2025-10-24 17:02:10.811,2025-10-24 17:02:10.811,ES755-A2501,"","1P6GK59921AG008AA0","",1,SVPT8445632,false,
382,"4513626302",2025-10-24 17:01:44.047,2025-10-24 17:01:44.047,ES755-A2501,"","1P6GK59921AG008AA0","",1,SVPT8445747,false,
381,"4513626302",2025-10-24 17:01:24.040,2025-10-24 17:01:24.040,ES755-A2501,"","1P6GK59921AG008AA0","",1,SVPT8445748,false,
380,"4513626302",2025-10-24 17:00:50.640,2025-10-24 17:00:50.640,ES755-A2501,"","1P6GK59921AG008AA0","",1,SVPT8445581,false,
379,"4513626302",2025-10-24 17:00:25.532,2025-10-24 17:00:25.532,ES755-A2501,"","1P6GK59921AG008AA0","",1,SVPT8445756,false,
376,"4513626302",2025-10-24 16:57:22.425,2025-10-24 16:57:22.425,ES755-A2501,,"1P6SL3040-1MA01-0AA0",,1,ST-T96105681,false,
370,"4513626302",2025-10-24 16:56:46.218,2025-10-24 16:56:46.218,ES755-A2501,,"1P6SL3040-1MA01-0AA0",,1,ST-T96105676,false,
362,"4513626302",2025-10-24 16:56:02.616,2025-10-24 16:56:02.616,ES755-A2501,,"1P6SL3040-1MA01-0AA0",,1,ST-T96104068,false,
352,"4513626302",2025-10-24 16:45:52.112,2025-10-24 16:45:52.112,ES755-A2501,,"1P6EP3437-8SB00-0AY0",,1,SYSU/T9ADE6BT9,false,
350,"4513626302",2025-10-24 16:42:52.624,2025-10-24 16:42:52.624,ES755-A2501,,"1P6EP3437-8SB00-0AY0",,1,SYSU/T9ADGEBT9,false,
349,"4513626302",2025-10-24 16:40:08.554,2025-10-24 16:40:08.554,ES755-A2501,,"1P6EP3437-8SB00-0AY0",,1,SYSU/T9ADFTBT9,false,
348,"4513626302",2025-10-24 16:40:03.859,2025-10-24 16:40:03.859,ES755-A2501,"","1P6EP3437-8SB00-0AY0","",1,SYSU/T9ADF9BT9,false,
347,"4513626302",2025-10-24 16:39:58.665,2025-10-24 16:39:58.665,ES755-A2501,,"1P6EP3437-8SB00-0AY0",,1,SYSU/T9ADFDBT9,false,
346,"4513626302",2025-10-24 16:39:52.202,2025-10-24 16:39:52.202,ES755-A2501,,"1P6GK52164BS002AC2",,1,"23S74FC453B0B05",false,
345,"4513626302",2025-10-24 16:39:45.906,2025-10-24 16:39:45.906,ES755-A2501,,"1P6GK52164BS002AC2",,1,"23S74FC4539F0A9",false,
343,"4513626302",2025-10-24 16:37:22.848,2025-10-24 16:37:22.848,ES755-A2501,"","1P6GK52164BS002AC2","",1,"23S74FC453B0ACF",false,
342,"4513626302",2025-10-24 16:36:08.866,2025-10-24 16:36:08.866,ES755-A2501,,"1P6GK52164BS002AC2",,1,"23S74FC4539F098",false,
341,"4513626302",2025-10-24 16:36:00.990,2025-10-24 16:36:00.990,ES755-A2501,,"1P6GK52164BS002AC2",,1,"23S74FC453B0A1B",false,
340,"4513626302",2025-10-24 16:23:36.210,2025-10-24 16:23:36.210,ES755-A2501,"","1P6SL3040-1MA01-0AA0","",1,ST-T96104067,false,
339,"4513626302",2025-10-24 16:23:14.313,2025-10-24 16:23:14.313,ES755-A2501,"","1P6SL3040-1MA01-0AA0","",1,ST-T96104070,false,
338,"4513626302",2025-10-24 16:23:05.385,2025-10-24 16:23:05.385,ES755-A2501,"","1P6SL3040-1MA01-0AA0","",1,ST-T96103772,false,
337,"4513626302",2025-10-24 16:22:53.778,2025-10-24 16:22:53.778,ES755-A2501,"","1P6SL3040-1MA01-0AA0","",1,ST-T96104075,false,
336,"4513626302",2025-10-24 16:22:31.143,2025-10-24 16:22:31.143,ES755-A2501,"","1P6SL3040-1MA01-0AA0","",1,ST-T96104057,false,
335,"4513626302",2025-10-24 16:22:21.030,2025-10-24 16:22:21.030,ES755-A2501,"","1P6SL3040-1MA01-0AA0","",1,ST-T96104063,false,
333,"4513626302",2025-10-24 16:09:27.585,2025-10-24 16:09:27.585,ES755-A2501,"","1P6SL3040-1MA01-0AA0","",1,ST-T96104076,false,
332,"4513626302",2025-10-24 16:08:32.052,2025-10-24 16:08:32.052,ES755-A2501,,"1P6SL3040-1MA01-0AA0",,1,ST-T96104074,false,
331,"4513626302",2025-10-24 16:08:12.763,2025-10-24 16:08:12.763,ES755-A2501,,"1P6SL3040-1MA01-0AA0",,1,ST-T96105691,false,
330,"4513626302",2025-10-24 16:08:01.088,2025-10-24 16:08:01.088,ES755-A2501,,"1P6SL3040-1MA01-0AA0",,1,ST-T96105693,false,
329,"4513626302",2025-10-24 16:07:50.282,2025-10-24 16:07:50.282,ES755-A2501,,"1P6SL3040-1MA01-0AA0",,1,ST-T96105685,false,
328,"4513626302",2025-10-24 16:07:43.000,2025-10-24 16:07:43.000,ES755-A2501,,"1P6SL3040-1MA01-0AA0",,1,ST-T96105678,false,
327,"4513626302",2025-10-24 16:07:34.972,2025-10-24 16:07:34.972,ES755-A2501,,"1P6SL3040-1MA01-0AA0",,1,ST-T96105674,false,
326,"4513626302",2025-10-24 16:07:19.125,2025-10-24 16:07:19.125,ES755-A2501,,"1P6SL3040-1MA01-0AA0",,1,ST-T96104061,false,
325,"4513626302",2025-10-24 16:06:00.328,2025-10-24 16:06:00.328,ES755-A2501,,"1P6SL3040-1MA01-0AA0",,1,ST-T96105675,false,
324,"4513626302",2025-10-24 16:04:48.755,2025-10-24 16:04:48.755,ES755-A2501,,"1P6SL3040-1MA01-0AA0",,1,ST-T96105680,false,
323,"4513626302",2025-10-24 16:03:14.915,2025-10-24 16:03:14.915,ES755-A2501,"","1P6SL3040-1MA01-0AA0","",1,ST-T96096391,false,
321,"4513626302",2025-10-24 16:01:52.496,2025-10-24 16:01:52.496,ES755-A2501,"","1P6SL3040-1MA01-0AA0","",1,ST-T96096375,false,
320,"4513626302",2025-10-24 16:01:52.214,2025-10-24 16:01:52.214,ES755-A2501,"","1P6SL3040-1MA01-0AA0","",1,ST-T96096390,false,
319,"4513626302",2025-10-24 15:59:08.665,2025-10-24 15:59:08.665,ES755-A2501,"","1P6SL3040-1MA01-0AA0","",1,ST-T96096374,false,
318,"4513626302",2025-10-24 15:57:46.221,2025-10-24 15:57:46.221,ES755-A2501,"","1P6SL3040-1MA01-0AA0","",1,ST-T96104059,false,
317,"4513626302",2025-10-24 15:56:57.694,2025-10-24 15:56:57.694,ES755-A2501,"","1P6SL3040-1MA01-0AA0","",1,ST-T96105686,false,
316,"4513626302",2025-10-24 15:56:38.396,2025-10-24 15:56:38.396,ES755-A2501,,"1P6SL3055-0AA00-3LA0",,1,ST-T36200238,false,
315,"4513626302",2025-10-24 15:56:28.235,2025-10-24 15:56:28.235,ES755-A2501,,"1P6SL3055-0AA00-5CA2",,1,ST-T96085050,false,
314,"4513626302",2025-10-24 15:56:21.852,2025-10-24 15:56:21.852,ES755-A2501,,"1P6SL3055-0AA00-5CA2",,1,ST-T96085184,false,
313,"4513626302",2025-10-24 15:56:08.762,2025-10-24 15:56:08.762,ES755-A2501,,"1P6SL3055-0AA00-5CA2",,1,ST-T96085037,false,
312,"4513626302",2025-10-24 15:56:02.834,2025-10-24 15:56:02.834,ES755-A2501,,"1P6SL3055-0AA00-5CA2",,1,ST-T96085203,false,
311,"4513626302",2025-10-24 15:55:56.369,2025-10-24 15:55:56.369,ES755-A2501,,"1P6SL3055-0AA00-5CA2",,1,ST-T96085182,false,
310,"4513626302",2025-10-24 15:55:13.050,2025-10-24 15:55:13.050,ES755-A2501,,"1P6SL3055-0AA00-5CA2",,1,ST-T96085042,false,
309,"4513626302",2025-10-24 15:55:01.483,2025-10-24 15:55:01.483,ES755-A2501,,"1P6SL3055-0AA00-5CA2",,1,ST-T96085032,false,
308,"4513626302",2025-10-24 15:54:39.409,2025-10-24 15:54:39.409,ES755-A2501,,"1P6SL3055-0AA00-5CA2",,1,ST-T96085041,false,
307,"4513626302",2025-10-24 15:54:25.423,2025-10-24 15:54:25.423,ES755-A2501,,"1P6SL3055-0AA00-5CA2",,1,ST-T96085181,false,
306,"4513626302",2025-10-24 15:54:14.804,2025-10-24 15:54:14.804,ES755-A2501,,"1P6SL3055-0AA00-5CA2",,1,ST-T96085049,false,
305,"4513626302",2025-10-24 15:48:21.602,2025-10-24 15:48:21.602,ES755-A2501,,"1P6SL3055-0AA00-5CA2",,1,ST-T96085038,false,
304,"4513626302",2025-10-24 15:47:41.502,2025-10-24 15:47:41.502,ES755-A2501,,"1P6SL3055-0AA00-5CA2",,1,ST-T96085178,false,
303,"4513626302",2025-10-24 15:47:18.114,2025-10-24 15:47:18.114,ES755-A2501,,"1P6SL3055-0AA00-5CA2",,1,ST-T96085039,false,
302,"4513626302",2025-10-24 15:46:45.045,2025-10-24 15:46:45.045,ES755-A2501,,"1P6SL3055-0AA00-5CA2",,1,ST-T96085040,false,
301,"4513626302",2025-10-24 15:46:02.474,2025-10-24 15:46:02.474,ES755-A2501,,"1P6SL3055-0AA00-5CA2",,1,ST-T96085185,false,
300,"4513626302",2025-10-24 15:45:49.434,2025-10-24 15:45:49.434,ES755-A2501,,"1P6SL3055-0AA00-5CA2",,1,ST-T96085033,false,
298,"4513626302",2025-10-24 15:42:09.908,2025-10-24 15:42:09.908,ES755-A2501,,"1P6SL3055-0AA00-5CA2",,1,ST-T96085035,false,
290,"4513626302",2025-10-24 15:29:05.200,2025-10-24 15:29:05.200,ES755-A2501,,"1P6GK59921AG008AA0",,1,SVPT8445753,false,
286,"4513626302",2025-10-24 15:20:46.924,2025-10-24 15:20:46.924,ES755-A2501,"","1P6GK59921AG008AA0","",1,SVPT8445628,false,
282,"4513626302",2025-10-24 15:17:22.498,2025-10-24 15:17:22.498,ES755-A2501,,"6GK5992-1AG00-8AA0",,1,SVPT8445522,false,
280,"4513626302",2025-10-24 15:14:00.598,2025-10-24 15:14:00.598,ES755-A2501,,"6XV1840-2AH10",,1,"3P4019169400473",false,
279,"4513626302",2025-10-24 15:10:27.067,2025-10-24 15:10:27.067,ES755-A2501,,"6SL3000-0EH41-4AA0",,1,SBKO25081201020408U,false,
278,"4513626302",2025-10-24 15:10:12.950,2025-10-24 15:10:12.950,ES755-A2501,,"6SL3000-0EH41-4AA0",,1,SBKO25081201020410N,false,
277,"4513626302",2025-10-24 15:09:44.191,2025-10-24 15:09:44.191,ES755-A2501,,"6SL3000-0EH41-4AA0",,1,SBKO25081201020409V,false,
276,"4513626302",2025-10-24 15:08:02.588,2025-10-24 15:08:02.588,ES755-A2501,,"6SL3000-0EH41-4AA0",,1,SBKO25081201020412P,false,
273,PO4305,2025-10-17 16:35:16.549,2025-10-17 16:35:16.549,ES755-A2501,,"950112",,1,"20263990000000170151274",false,201837
272,PO4305,2025-10-17 16:30:33.130,2025-10-17 16:30:33.130,ES755-A2501,,"950112",,1,"20263990000000170151172",false,201837
271,PO4305,2025-10-17 16:30:23.538,2025-10-17 16:30:23.538,ES755-A2501,,"950112",,1,"20263990000000170151182",false,201837
270,PO4305,2025-10-17 16:30:16.993,2025-10-17 16:30:16.993,ES755-A2501,,"950112",,1,"20263990000000170151154",false,201837
269,PO4305,2025-10-17 16:29:57.871,2025-10-17 16:29:57.871,ES755-A2501,,"950112",,1,"20263990000000170151165",false,201837
268,PO4305,2025-10-17 16:29:44.318,2025-10-17 16:29:44.318,ES755-A2501,,"950112",,1,"20263990000000170151296",false,201837
267,PO4305,2025-10-17 16:29:33.677,2025-10-17 16:29:33.677,ES755-A2501,,"950112",,1,"20263990000000170151295",false,201837
266,PO4305,2025-10-17 16:29:23.991,2025-10-17 16:29:23.991,ES755-A2501,,"950112",,1,"20263990000000170151179",false,201837
265,PO4305,2025-10-17 16:29:11.000,2025-10-17 16:29:11.000,ES755-A2501,,"950112",,1,"20263990000000170151205",false,201837
264,PO4305,2025-10-17 16:29:02.405,2025-10-17 16:29:02.405,ES755-A2501,,"950112",,1,"20263990000000170151180",false,201837
263,PO4305,2025-10-17 16:28:36.018,2025-10-17 16:28:36.018,ES755-A2501,,"950112",,1,"20263990000000170151175",false,201837
262,PO4305,2025-10-17 16:28:24.695,2025-10-17 16:28:24.695,ES755-A2501,,"950112",,1,"20263990000000170151199",false,201837
261,PO4305,2025-10-17 16:28:11.154,2025-10-17 16:28:11.154,ES755-A2501,,"950112",,1,"20263990000000170151123",false,201837
260,PO4305,2025-10-17 16:28:01.412,2025-10-17 16:28:01.412,ES755-A2501,,"950112",,1,"20263990000000170151297",false,201837
259,PO4305,2025-10-17 16:25:53.443,2025-10-17 16:25:53.443,ES755-A2501,,"950112",,1,"20263990000000170151286",false,201837
258,PO4305,2025-10-17 16:25:40.932,2025-10-17 16:25:40.932,ES755-A2501,,"950112",,1,"20263990000000170151167",false,201837
257,PO4305,2025-10-17 16:25:30.334,2025-10-17 16:25:30.334,ES755-A2501,,"950112",,1,"20263990000000170151156",false,201837
256,PO4305,2025-10-17 16:25:04.376,2025-10-17 16:25:04.376,ES755-A2501,,"950112",,1,"20263990000000170151285",false,201837
255,PO4305,2025-10-17 16:24:28.973,2025-10-17 16:24:28.973,ES755-A2501,,"950112",,1,"20263990000000170151277",false,201837
254,PO4305,2025-10-17 16:24:09.144,2025-10-17 16:24:09.144,ES755-A2501,,"950112",,1,"20263990000000170151195",false,201837
253,PO4305,2025-10-17 16:23:45.004,2025-10-17 16:23:45.004,ES755-A2501,,"950112",,1,"20263990000000170151174",false,201837
252,PO4305,2025-10-17 16:23:26.752,2025-10-17 16:23:26.752,ES755-A2501,,"950112",,1,"20263990000000170151188",false,201837
251,PO4305,2025-10-17 16:10:23.468,2025-10-17 16:10:23.468,ES755-A2501,,"950112",,1,"20263990000000170151125",false,201837
250,PO4305,2025-10-17 16:10:15.983,2025-10-17 16:10:15.983,ES755-A2501,,"950112",,1,"20263990000000170151161",false,201837
249,PO4305,2025-10-17 16:09:57.668,2025-10-17 16:09:57.668,ES755-A2501,,"950112",,1,"20263990000000170151220",false,201837
248,PO4305,2025-10-17 16:09:48.090,2025-10-17 16:09:48.090,ES755-A2501,,"950112",,1,"20263990000000170151303",false,201837
247,PO4305,2025-10-17 16:09:39.616,2025-10-17 16:09:39.616,ES755-A2501,,"950112",,1,"20263990000000170151284",false,201837
246,PO4305,2025-10-17 16:09:21.631,2025-10-17 16:09:21.631,ES755-A2501,,"950112",,1,"20263990000000170151292",false,201837
245,PO4305,2025-10-17 16:09:10.190,2025-10-17 16:09:10.190,ES755-A2501,,"950112",,1,"20263990000000170151302",false,201837
244,PO4305,2025-10-17 16:08:57.550,2025-10-17 16:08:57.550,ES755-A2501,,"950112",,1,"20263990000000170151287",false,201837
243,PO4305,2025-10-17 16:08:28.163,2025-10-17 16:08:28.163,ES755-A2501,,"950112",,1,"20263990000000170151176",false,201837
242,PO4305,2025-10-17 16:08:16.417,2025-10-17 16:08:16.417,ES755-A2501,,"950112",,1,"20263990000000170151278",false,201837
241,PO4305,2025-10-17 16:08:03.284,2025-10-17 16:08:03.284,ES755-A2501,,"950112",,1,"20263990000000170151288",false,201837
240,PO4305,2025-10-17 16:03:35.122,2025-10-17 16:03:35.122,ES755-A2501,,"950112",,1,"20263990000000170151305",false,201837
239,PO4305,2025-10-17 16:03:24.198,2025-10-17 16:03:24.198,ES755-A2501,,"950112",,1,"20263990000000170151122",false,201837
238,PO4305,2025-10-17 16:02:59.209,2025-10-17 16:02:59.209,ES755-A2501,,"950112",,1,"20263990000000170151282",false,201837
237,PO4305,2025-10-17 16:02:38.844,2025-10-17 16:02:38.844,ES755-A2501,,"950112",,1,"20263990000000170151273",false,201837
236,PO4305,2025-10-17 16:01:12.108,2025-10-17 16:01:12.108,ES755-A2501,,"950112",,1,"20263990000000170151162",false,201837
235,PO4305,2025-10-17 16:00:57.272,2025-10-17 16:00:57.272,ES755-A2501,,"950112",,1,"20263990000000170151294",false,201837
234,PO4305,2025-10-17 16:00:02.395,2025-10-17 16:00:02.395,ES755-A2501,,"950112",,1,"20263990000000170151170",false,201837
233,PO4305,2025-10-17 15:55:37.771,2025-10-17 15:55:37.771,ES755-A2501,,"950112",,1,"20263990000000170151283",false,201837
232,PO4305,2025-10-17 15:55:17.234,2025-10-17 15:55:17.234,ES755-A2501,,"950112",,1,"20263990000000170151268",false,201837
174,PO4297,2025-10-17 11:33:50.746,2025-10-17 11:33:50.746,ES755-A2501,,"8-008099110249",,1,"01582",false,
173,PO4297,2025-10-17 11:33:38.428,2025-10-17 11:33:38.428,ES755-A2501,,"8-008099110249",,1,"01545",false,
170,PO4581,2025-10-17 11:18:31.582,2025-10-17 11:18:31.582,ES755-A2501,"",NDK-500VA IEC,"",1,"024582832715300048",false,203176
168,PO4581,2025-10-17 11:17:19.593,2025-10-17 11:17:19.593,ES755-A2501,"",NKD-500VA IEC,"",1,"024582832715300046",false,203176
